barcode,Cluster,Sample
9-0,2,GSM8698011
409-0,1,GSM8698011
2694-0,1,GSM8698011
2741-0,7,GSM8698011
4287-0,2,GSM8698011
4670-0,10,GSM8698011
4682-0,4,GSM8698011
5442-0,5,GSM8698011
6226-0,1,GSM8698011
6611-0,2,GSM8698011
9279-0,8,GSM8698011
10056-0,7,GSM8698011
14270-0,2,GSM8698011
16524-0,3,GSM8698011
18839-0,0,GSM8698011
20061-0,2,GSM8698011
22708-0,3,GSM8698011
23445-0,3,GSM8698011
23852-0,0,GSM8698011
23898-0,8,GSM8698011
24665-0,1,GSM8698011
25015-0,1,GSM8698011
26967-0,0,GSM8698011
28803-0,6,GSM8698011
30385-0,4,GSM8698011
31922-0,2,GSM8698011
33794-0,1,GSM8698011
35019-0,5,GSM8698011
36496-0,5,GSM8698011
149830-0,3,GSM8698011
152480-0,0,GSM8698011
152877-0,1,GSM8698011
155147-0,13,GSM8698011
155223-0,6,GSM8698011
157913-0,0,GSM8698011
158612-0,3,GSM8698011
158688-0,0,GSM8698011
160952-0,1,GSM8698011
162527-0,7,GSM8698011
164741-0,0,GSM8698011
165568-0,3,GSM8698011
165929-0,10,GSM8698011
165954-0,0,GSM8698011
169435-0,7,GSM8698011
169817-0,0,GSM8698011
172458-0,10,GSM8698011
172888-0,1,GSM8698011
174781-0,2,GSM8698011
175186-0,5,GSM8698011
178252-0,0,GSM8698011
178947-0,6,GSM8698011
180098-0,5,GSM8698011
181315-0,0,GSM8698011
182453-0,2,GSM8698011
295311-0,9,GSM8698011
295717-0,6,GSM8698011
296139-0,0,GSM8698011
296918-0,2,GSM8698011
297632-0,4,GSM8698011
299528-0,4,GSM8698011
299577-0,5,GSM8698011
301483-0,2,GSM8698011
301861-0,1,GSM8698011
301875-0,6,GSM8698011
303064-0,6,GSM8698011
303766-0,2,GSM8698011
303802-0,3,GSM8698011
305315-0,5,GSM8698011
308789-0,0,GSM8698011
309526-0,2,GSM8698011
309566-0,7,GSM8698011
312278-0,6,GSM8698011
313408-0,1,GSM8698011
313744-0,11,GSM8698011
314143-0,2,GSM8698011
314146-0,0,GSM8698011
316491-0,7,GSM8698011
317584-0,1,GSM8698011
317964-0,1,GSM8698011
319923-0,2,GSM8698011
319930-0,3,GSM8698011
323002-0,0,GSM8698011
323362-0,1,GSM8698011
324877-0,0,GSM8698011
327191-0,2,GSM8698011
328394-0,3,GSM8698011
442782-0,1,GSM8698011
442783-0,8,GSM8698011
443209-0,0,GSM8698011
447410-0,7,GSM8698011
447425-0,0,GSM8698011
447835-0,1,GSM8698011
448203-0,2,GSM8698011
449677-0,11,GSM8698011
452040-0,13,GSM8698011
452365-0,5,GSM8698011
452790-0,1,GSM8698011
462403-0,1,GSM8698011
464652-0,1,GSM8698011
467770-0,7,GSM8698011
470817-0,11,GSM8698011
590986-0,2,GSM8698011
591790-0,6,GSM8698011
591800-0,0,GSM8698011
592145-0,3,GSM8698011
594128-0,0,GSM8698011
595215-0,6,GSM8698011
596428-0,0,GSM8698011
597907-0,8,GSM8698011
598314-0,0,GSM8698011
599067-0,7,GSM8698011
599879-0,2,GSM8698011
600624-0,1,GSM8698011
600970-0,11,GSM8698011
603305-0,1,GSM8698011
607930-0,6,GSM8698011
609446-0,8,GSM8698011
611352-0,1,GSM8698011
614787-0,3,GSM8698011
616372-0,1,GSM8698011
616767-0,2,GSM8698011
617880-0,2,GSM8698011
618272-0,4,GSM8698011
619454-0,5,GSM8698011
620574-0,4,GSM8698011
620994-0,7,GSM8698011
622873-0,1,GSM8698011
622923-0,2,GSM8698011
623265-0,1,GSM8698011
625231-0,3,GSM8698011
625561-0,11,GSM8698011
625625-0,0,GSM8698011
625922-0,1,GSM8698011
626322-0,0,GSM8698011
738868-0,2,GSM8698011
738883-0,5,GSM8698011
739661-0,7,GSM8698011
739671-0,7,GSM8698011
740438-0,6,GSM8698011
741143-0,10,GSM8698011
741540-0,2,GSM8698011
741596-0,1,GSM8698011
741904-0,1,GSM8698011
743482-0,4,GSM8698011
745007-0,7,GSM8698011
747335-0,4,GSM8698011
747662-0,6,GSM8698011
748421-0,10,GSM8698011
749634-0,3,GSM8698011
750730-0,2,GSM8698011
751917-0,2,GSM8698011
753468-0,3,GSM8698011
753832-0,8,GSM8698011
755782-0,3,GSM8698011
756483-0,1,GSM8698011
760326-0,9,GSM8698011
763840-0,6,GSM8698011
766509-0,3,GSM8698011
769941-0,2,GSM8698011
770320-0,2,GSM8698011
771106-0,11,GSM8698011
771114-0,7,GSM8698011
771504-0,4,GSM8698011
886696-0,0,GSM8698011
887089-0,2,GSM8698011
887090-0,2,GSM8698011
887491-0,12,GSM8698011
887857-0,8,GSM8698011
890906-0,5,GSM8698011
892824-0,2,GSM8698011
895161-0,5,GSM8698011
896259-0,8,GSM8698011
896332-0,0,GSM8698011
897467-0,3,GSM8698011
898580-0,6,GSM8698011
898990-0,0,GSM8698011
899765-0,10,GSM8698011
900919-0,9,GSM8698011
903984-0,11,GSM8698011
904783-0,8,GSM8698011
906633-0,4,GSM8698011
910505-0,6,GSM8698011
911271-0,1,GSM8698011
913614-0,0,GSM8698011
915853-0,0,GSM8698011
917417-0,6,GSM8698011
917432-0,8,GSM8698011
920149-0,3,GSM8698011
920505-0,9,GSM8698011
921245-0,6,GSM8698011
1033049-0,1,GSM8698011
1033746-0,2,GSM8698011
1035324-0,3,GSM8698011
1035720-0,4,GSM8698011
1036861-0,2,GSM8698011
1037269-0,6,GSM8698011
1039539-0,6,GSM8698011
1043353-0,4,GSM8698011
1043356-0,4,GSM8698011
1044536-0,1,GSM8698011
1045657-0,4,GSM8698011
1046445-0,5,GSM8698011
1047998-0,2,GSM8698011
1048004-0,5,GSM8698011
1050271-0,4,GSM8698011
1053774-0,0,GSM8698011
1055622-0,0,GSM8698011
1056387-0,1,GSM8698011
1057192-0,5,GSM8698011
1058002-0,4,GSM8698011
1059163-0,1,GSM8698011
1060647-0,0,GSM8698011
1060656-0,7,GSM8698011
1061084-0,3,GSM8698011
1061441-0,0,GSM8698011
1061765-0,1,GSM8698011
1065262-0,3,GSM8698011
1066831-0,9,GSM8698011
1068368-0,3,GSM8698011
1179702-0,7,GSM8698011
1183577-0,10,GSM8698011
1185088-0,1,GSM8698011
1185431-0,6,GSM8698011
1185468-0,4,GSM8698011
1186607-0,1,GSM8698011
1186950-0,2,GSM8698011
1187003-0,1,GSM8698011
1190838-0,12,GSM8698011
1191979-0,1,GSM8698011
1193089-0,0,GSM8698011
1196229-0,4,GSM8698011
1197704-0,5,GSM8698011
1198163-0,6,GSM8698011
1208865-0,3,GSM8698011
1209250-0,6,GSM8698011
1209622-0,0,GSM8698011
1209645-0,12,GSM8698011
1210019-0,10,GSM8698011
1211167-0,4,GSM8698011
1211228-0,7,GSM8698011
1211910-0,5,GSM8698011
1212731-0,3,GSM8698011
1214304-0,3,GSM8698011
1215833-0,2,GSM8698011
1328294-0,3,GSM8698011
1329106-0,4,GSM8698011
1329113-0,1,GSM8698011
1329473-0,5,GSM8698011
1329816-0,1,GSM8698011
1330594-0,1,GSM8698011
1330956-0,9,GSM8698011
1330967-0,3,GSM8698011
1331024-0,4,GSM8698011
1331392-0,3,GSM8698011
1332568-0,6,GSM8698011
1332884-0,4,GSM8698011
1333663-0,2,GSM8698011
1334486-0,0,GSM8698011
1334829-0,0,GSM8698011
1337158-0,2,GSM8698011
1338659-0,0,GSM8698011
1339820-0,1,GSM8698011
1340201-0,0,GSM8698011
1340229-0,3,GSM8698011
1340633-0,0,GSM8698011
1340638-0,3,GSM8698011
1341004-0,0,GSM8698011
1341739-0,0,GSM8698011
1342090-0,11,GSM8698011
1342133-0,0,GSM8698011
1342890-0,4,GSM8698011
1344809-0,7,GSM8698011
1345970-0,4,GSM8698011
1346745-0,4,GSM8698011
1347075-0,0,GSM8698011
1347913-0,1,GSM8698011
1350202-0,10,GSM8698011
1351703-0,0,GSM8698011
1354764-0,7,GSM8698011
1356302-0,5,GSM8698011
1356687-0,0,GSM8698011
1357524-0,2,GSM8698011
1360572-0,2,GSM8698011
1362087-0,6,GSM8698011
1476943-0,0,GSM8698011
1478024-0,5,GSM8698011
1479630-0,0,GSM8698011
1481521-0,6,GSM8698011
1482302-0,11,GSM8698011
1482627-0,7,GSM8698011
1484567-0,6,GSM8698011
1484985-0,3,GSM8698011
1487317-0,2,GSM8698011
1489203-0,8,GSM8698011
1489561-0,4,GSM8698011
1489952-0,0,GSM8698011
1490353-0,1,GSM8698011
1491500-0,8,GSM8698011
1492684-0,12,GSM8698011
1494566-0,8,GSM8698011
1497269-0,0,GSM8698011
1502623-0,0,GSM8698011
1504901-0,0,GSM8698011
1505333-0,0,GSM8698011
1505352-0,0,GSM8698011
1506127-0,2,GSM8698011
1506864-0,5,GSM8698011
1507263-0,3,GSM8698011
1507644-0,7,GSM8698011
1507665-0,0,GSM8698011
1508023-0,3,GSM8698011
1509167-0,4,GSM8698011
1510691-0,0,GSM8698011
1624321-0,3,GSM8698011
1625535-0,5,GSM8698011
1626662-0,7,GSM8698011
1626670-0,0,GSM8698011
1629339-0,7,GSM8698011
1632003-0,9,GSM8698011
1632387-0,11,GSM8698011
1632431-0,5,GSM8698011
1634340-0,8,GSM8698011
1635860-0,11,GSM8698011
1639358-0,3,GSM8698011
1639697-0,9,GSM8698011
1640148-0,10,GSM8698011
1643990-0,11,GSM8698011
1644707-0,3,GSM8698011
1646632-0,8,GSM8698011
1646658-0,6,GSM8698011
1647014-0,8,GSM8698011
1647812-0,0,GSM8698011
1648153-0,2,GSM8698011
1648172-0,3,GSM8698011
1651603-0,2,GSM8698011
1653179-0,2,GSM8698011
1656613-0,3,GSM8698011
1657802-0,11,GSM8698011
1658113-0,8,GSM8698011
1658131-0,2,GSM8698011
1770701-0,2,GSM8698011
1773313-0,0,GSM8698011
1779100-0,7,GSM8698011
1779866-0,6,GSM8698011
1780249-0,7,GSM8698011
1785246-0,7,GSM8698011
1785311-0,0,GSM8698011
1788701-0,0,GSM8698011
1788725-0,0,GSM8698011
1789094-0,11,GSM8698011
1793319-0,1,GSM8698011
1793322-0,3,GSM8698011
1793728-0,7,GSM8698011
1794123-0,7,GSM8698011
1795251-0,8,GSM8698011
1795255-0,9,GSM8698011
1796013-0,1,GSM8698011
1796432-0,5,GSM8698011
1796743-0,1,GSM8698011
1797154-0,3,GSM8698011
1797954-0,1,GSM8698011
1797977-0,5,GSM8698011
1798713-0,0,GSM8698011
1798730-0,1,GSM8698011
1799091-0,5,GSM8698011
1800987-0,10,GSM8698011
1801383-0,0,GSM8698011
1804084-0,0,GSM8698011
1805606-0,6,GSM8698011
1805991-0,7,GSM8698011
1917396-0,2,GSM8698011
1917772-0,4,GSM8698011
1918494-0,2,GSM8698011
1918913-0,1,GSM8698011
1919274-0,3,GSM8698011
1925020-0,11,GSM8698011
1926615-0,13,GSM8698011
1927391-0,13,GSM8698011
1928859-0,0,GSM8698011
1931155-0,8,GSM8698011
1931564-0,11,GSM8698011
1931567-0,0,GSM8698011
1933508-0,2,GSM8698011
1935437-0,1,GSM8698011
1936172-0,8,GSM8698011
1936204-0,5,GSM8698011
1937731-0,6,GSM8698011
1938051-0,1,GSM8698011
1941517-0,1,GSM8698011
1942324-0,0,GSM8698011
1943085-0,1,GSM8698011
1943818-0,0,GSM8698011
1944636-0,8,GSM8698011
1945749-0,3,GSM8698011
1946919-0,1,GSM8698011
1947710-0,1,GSM8698011
1948803-0,2,GSM8698011
1950382-0,9,GSM8698011
1950395-0,5,GSM8698011
1951491-0,10,GSM8698011
1951528-0,1,GSM8698011
1952306-0,3,GSM8698011
2064797-0,6,GSM8698011
2065237-0,2,GSM8698011
2065978-0,3,GSM8698011
2067090-0,0,GSM8698011
2067881-0,6,GSM8698011
2072928-0,0,GSM8698011
2073235-0,0,GSM8698011
2075167-0,6,GSM8698011
2075597-0,8,GSM8698011
2078601-0,5,GSM8698011
2079069-0,1,GSM8698011
2082818-0,3,GSM8698011
2086285-0,3,GSM8698011
2086321-0,4,GSM8698011
2091729-0,0,GSM8698011
2094009-0,0,GSM8698011
2095172-0,9,GSM8698011
2096729-0,9,GSM8698011
2097488-0,0,GSM8698011
2098201-0,9,GSM8698011
2212271-0,1,GSM8698011
2214992-0,4,GSM8698011
2218836-0,2,GSM8698011
2219569-0,9,GSM8698011
2219945-0,1,GSM8698011
2220350-0,3,GSM8698011
2221077-0,3,GSM8698011
2221121-0,0,GSM8698011
2221534-0,10,GSM8698011
2223025-0,7,GSM8698011
2225699-0,0,GSM8698011
2225702-0,6,GSM8698011
2226524-0,7,GSM8698011
2227293-0,8,GSM8698011
2228781-0,5,GSM8698011
2229143-0,1,GSM8698011
2229522-0,5,GSM8698011
2229594-0,1,GSM8698011
2229965-0,0,GSM8698011
2233000-0,3,GSM8698011
2234139-0,0,GSM8698011
2234902-0,2,GSM8698011
2235351-0,9,GSM8698011
2237591-0,0,GSM8698011
2241794-0,0,GSM8698011
2243799-0,0,GSM8698011
2245657-0,1,GSM8698011
2245702-0,4,GSM8698011
2360914-0,3,GSM8698011
2362070-0,4,GSM8698011
2363192-0,0,GSM8698011
2366211-0,2,GSM8698011
2368979-0,5,GSM8698011
2369355-0,2,GSM8698011
2370520-0,11,GSM8698011
2370871-0,5,GSM8698011
2372004-0,6,GSM8698011
2373573-0,0,GSM8698011
2375045-0,3,GSM8698011
2376584-0,4,GSM8698011
2377431-0,7,GSM8698011
2377730-0,0,GSM8698011
2377731-0,1,GSM8698011
2378898-0,6,GSM8698011
2381998-0,0,GSM8698011
2383160-0,2,GSM8698011
2385426-0,5,GSM8698011
2386622-0,1,GSM8698011
2388191-0,0,GSM8698011
2389289-0,10,GSM8698011
2389635-0,0,GSM8698011
2390451-0,5,GSM8698011
2390868-0,0,GSM8698011
2394303-0,1,GSM8698011
2395810-0,6,GSM8698011
2506761-0,0,GSM8698011
2506808-0,3,GSM8698011
2507191-0,1,GSM8698011
2510994-0,2,GSM8698011
2512541-0,0,GSM8698011
2514510-0,6,GSM8698011
2514515-0,6,GSM8698011
2514842-0,1,GSM8698011
2514898-0,9,GSM8698011
2514906-0,4,GSM8698011
2515259-0,2,GSM8698011
2515665-0,10,GSM8698011
2520245-0,0,GSM8698011
2520260-0,10,GSM8698011
2520618-0,2,GSM8698011
2521771-0,2,GSM8698011
2523660-0,2,GSM8698011
2525622-0,11,GSM8698011
2526432-0,4,GSM8698011
2526748-0,6,GSM8698011
2527498-0,10,GSM8698011
2528731-0,0,GSM8698011
2530218-0,1,GSM8698011
2530638-0,2,GSM8698011
2531338-0,3,GSM8698011
2531747-0,1,GSM8698011
2532560-0,2,GSM8698011
2532887-0,11,GSM8698011
2533269-0,2,GSM8698011
2534452-0,4,GSM8698011
2537119-0,0,GSM8698011
2539787-0,3,GSM8698011
2540623-0,6,GSM8698011
2654233-0,1,GSM8698011
2655376-0,9,GSM8698011
2655422-0,3,GSM8698011
2657319-0,2,GSM8698011
2660790-0,10,GSM8698011
2661519-0,0,GSM8698011
2662751-0,5,GSM8698011
2664992-0,0,GSM8698011
2665779-0,7,GSM8698011
2666916-0,7,GSM8698011
2667725-0,1,GSM8698011
2668078-0,4,GSM8698011
2668101-0,2,GSM8698011
2668451-0,0,GSM8698011
2668891-0,5,GSM8698011
2670742-0,5,GSM8698011
2672305-0,2,GSM8698011
2672719-0,0,GSM8698011
2673885-0,4,GSM8698011
2676867-0,6,GSM8698011
2678437-0,2,GSM8698011
2679248-0,2,GSM8698011
2679252-0,0,GSM8698011
2680743-0,10,GSM8698011
2681102-0,7,GSM8698011
2681113-0,3,GSM8698011
2683455-0,11,GSM8698011
2684552-0,2,GSM8698011
2684623-0,7,GSM8698011
2685325-0,1,GSM8698011
2687702-0,5,GSM8698011
2689201-0,6,GSM8698011
2689931-0,3,GSM8698011
2804039-0,8,GSM8698011
2804355-0,3,GSM8698011
2804753-0,0,GSM8698011
2805145-0,1,GSM8698011
2805179-0,8,GSM8698011
2805181-0,3,GSM8698011
2807447-0,1,GSM8698011
2809397-0,11,GSM8698011
2809783-0,2,GSM8698011
2809817-0,11,GSM8698011
2810554-0,2,GSM8698011
2811331-0,4,GSM8698011
2811348-0,6,GSM8698011
2812496-0,8,GSM8698011
2813631-0,4,GSM8698011
2814037-0,6,GSM8698011
2816676-0,1,GSM8698011
2817821-0,4,GSM8698011
2827023-0,0,GSM8698011
2827033-0,3,GSM8698011
2827796-0,1,GSM8698011
2831261-0,1,GSM8698011
2831307-0,5,GSM8698011
2831696-0,2,GSM8698011
2833188-0,5,GSM8698011
2833569-0,5,GSM8698011
2834338-0,0,GSM8698011
2836701-0,0,GSM8698011
2838202-0,1,GSM8698011
2949146-0,3,GSM8698011
2949551-0,0,GSM8698011
2949598-0,9,GSM8698011
2950314-0,11,GSM8698011
2951863-0,0,GSM8698011
2951886-0,0,GSM8698011
2951888-0,3,GSM8698011
2953733-0,1,GSM8698011
2953824-0,0,GSM8698011
2954973-0,2,GSM8698011
2955307-0,8,GSM8698011
2958768-0,1,GSM8698011
2959148-0,4,GSM8698011
2959174-0,4,GSM8698011
2960258-0,3,GSM8698011
2962631-0,0,GSM8698011
2966853-0,0,GSM8698011
2967212-0,5,GSM8698011
2967259-0,0,GSM8698011
2968799-0,4,GSM8698011
2971815-0,0,GSM8698011
2972991-0,2,GSM8698011
2973768-0,3,GSM8698011
2974124-0,5,GSM8698011
2974135-0,5,GSM8698011
2976857-0,0,GSM8698011
2977618-0,1,GSM8698011
2981774-0,5,GSM8698011
3098536-0,0,GSM8698011
3099316-0,5,GSM8698011
3102008-0,5,GSM8698011
3103170-0,9,GSM8698011
3107016-0,3,GSM8698011
3108180-0,0,GSM8698011
3109286-0,2,GSM8698011
3110043-0,8,GSM8698011
3118176-0,4,GSM8698011
3118864-0,6,GSM8698011
3120796-0,0,GSM8698011
3124226-0,9,GSM8698011
3129650-0,3,GSM8698011
3131183-0,1,GSM8698011
3131569-0,4,GSM8698011
3244050-0,2,GSM8698011
3244440-0,9,GSM8698011
3247107-0,1,GSM8698011
3248701-0,7,GSM8698011
3249498-0,7,GSM8698011
3250583-0,4,GSM8698011
3251368-0,0,GSM8698011
3251760-0,6,GSM8698011
3253278-0,1,GSM8698011
3253670-0,1,GSM8698011
3254019-0,0,GSM8698011
3254463-0,0,GSM8698011
3255598-0,6,GSM8698011
3258688-0,0,GSM8698011
3260228-0,5,GSM8698011
3260604-0,9,GSM8698011
3261365-0,2,GSM8698011
3261734-0,7,GSM8698011
3263627-0,1,GSM8698011
3263642-0,7,GSM8698011
3265242-0,1,GSM8698011
3267090-0,4,GSM8698011
3267498-0,0,GSM8698011
3269800-0,5,GSM8698011
3274392-0,0,GSM8698011
3275543-0,11,GSM8698011
3277914-0,0,GSM8698011
3279044-0,5,GSM8698011
3279815-0,0,GSM8698011
3393119-0,7,GSM8698011
3395750-0,5,GSM8698011
3396508-0,0,GSM8698011
3397276-0,3,GSM8698011
3397337-0,2,GSM8698011
3397342-0,5,GSM8698011
3397670-0,0,GSM8698011
3399210-0,5,GSM8698011
3400334-0,5,GSM8698011
3400757-0,8,GSM8698011
3404616-0,0,GSM8698011
3404636-0,2,GSM8698011
3406146-0,1,GSM8698011
3408029-0,6,GSM8698011
3409209-0,3,GSM8698011
3413422-0,4,GSM8698011
3413449-0,4,GSM8698011
3414936-0,0,GSM8698011
3415695-0,8,GSM8698011
3416474-0,4,GSM8698011
3416886-0,2,GSM8698011
3416894-0,2,GSM8698011
3416907-0,0,GSM8698011
3417626-0,9,GSM8698011
3418772-0,0,GSM8698011
3420329-0,3,GSM8698011
3420728-0,5,GSM8698011
3423363-0,4,GSM8698011
3424596-0,0,GSM8698011
3426073-0,3,GSM8698011
3426517-0,3,GSM8698011
3426862-0,0,GSM8698011
3426876-0,0,GSM8698011
3543264-0,1,GSM8698011
3544327-0,6,GSM8698011
3544776-0,3,GSM8698011
3545923-0,4,GSM8698011
3549340-0,11,GSM8698011
3551622-0,8,GSM8698011
3553576-0,7,GSM8698011
3555492-0,5,GSM8698011
3556285-0,12,GSM8698011
3558173-0,2,GSM8698011
3559364-0,11,GSM8698011
3559750-0,1,GSM8698011
3560133-0,5,GSM8698011
3562769-0,7,GSM8698011
3563615-0,2,GSM8698011
3563961-0,2,GSM8698011
3564307-0,8,GSM8698011
3564724-0,0,GSM8698011
3567835-0,6,GSM8698011
3568147-0,2,GSM8698011
3568554-0,3,GSM8698011
3570848-0,4,GSM8698011
3571989-0,6,GSM8698011
3573893-0,5,GSM8698011
3574278-0,4,GSM8698011
3686475-0,1,GSM8698011
3688788-0,3,GSM8698011
3689897-0,4,GSM8698011
3692226-0,6,GSM8698011
3694521-0,6,GSM8698011
3694559-0,1,GSM8698011
3694933-0,5,GSM8698011
3696081-0,6,GSM8698011
3696814-0,3,GSM8698011
3700670-0,2,GSM8698011
3701017-0,7,GSM8698011
3701052-0,0,GSM8698011
3701400-0,4,GSM8698011
3701855-0,5,GSM8698011
3702151-0,0,GSM8698011
3702173-0,0,GSM8698011
3707604-0,7,GSM8698011
3711021-0,9,GSM8698011
3711032-0,1,GSM8698011
3711381-0,12,GSM8698011
3712599-0,1,GSM8698011
3713282-0,6,GSM8698011
3716411-0,10,GSM8698011
3717898-0,0,GSM8698011
3718357-0,7,GSM8698011
3719047-0,6,GSM8698011
3719050-0,3,GSM8698011
3719477-0,6,GSM8698011
3720254-0,4,GSM8698011
3722505-0,1,GSM8698011
3722565-0,11,GSM8698011
3834287-0,0,GSM8698011
3838915-0,4,GSM8698011
3844281-0,10,GSM8698011
3845007-0,2,GSM8698011
3847721-0,4,GSM8698011
3848153-0,0,GSM8698011
3848895-0,9,GSM8698011
3848924-0,2,GSM8698011
3850420-0,6,GSM8698011
3851189-0,0,GSM8698011
3853058-0,1,GSM8698011
3853495-0,0,GSM8698011
3854232-0,1,GSM8698011
3857694-0,1,GSM8698011
3858118-0,8,GSM8698011
3859607-0,8,GSM8698011
3862742-0,7,GSM8698011
3867687-0,7,GSM8698011
3868824-0,11,GSM8698011
3868879-0,0,GSM8698011
3869263-0,2,GSM8698011
3984002-0,3,GSM8698011
3984827-0,5,GSM8698011
3985204-0,4,GSM8698011
3986329-0,1,GSM8698011
3989052-0,12,GSM8698011
3991722-0,12,GSM8698011
3992094-0,9,GSM8698011
3992159-0,8,GSM8698011
3992536-0,0,GSM8698011
3994387-0,4,GSM8698011
3994425-0,3,GSM8698011
3994803-0,7,GSM8698011
3996703-0,5,GSM8698011
3996767-0,4,GSM8698011
4000969-0,3,GSM8698011
4001321-0,0,GSM8698011
4001335-0,2,GSM8698011
4001374-0,11,GSM8698011
4002439-0,2,GSM8698011
4003262-0,1,GSM8698011
4003611-0,1,GSM8698011
4003663-0,1,GSM8698011
4004443-0,0,GSM8698011
4007867-0,0,GSM8698011
4008243-0,12,GSM8698011
4010886-0,8,GSM8698011
4012431-0,1,GSM8698011
4017462-0,4,GSM8698011
4129949-0,10,GSM8698011
4132225-0,5,GSM8698011
4132289-0,2,GSM8698011
4135728-0,0,GSM8698011
4136513-0,9,GSM8698011
4136886-0,2,GSM8698011
4138757-0,1,GSM8698011
4139191-0,3,GSM8698011
4141065-0,8,GSM8698011
4141836-0,11,GSM8698011
4145758-0,4,GSM8698011
4146060-0,10,GSM8698011
4147643-0,10,GSM8698011
4160335-0,9,GSM8698011
4161865-0,5,GSM8698011
4164189-0,2,GSM8698011
4165273-0,0,GSM8698011
4276699-0,12,GSM8698011
4277406-0,5,GSM8698011
4278613-0,3,GSM8698011
4279303-0,1,GSM8698011
4279774-0,6,GSM8698011
4280131-0,1,GSM8698011
4280451-0,1,GSM8698011
4284740-0,4,GSM8698011
4285857-0,0,GSM8698011
4293889-0,3,GSM8698011
4295098-0,8,GSM8698011
4295099-0,2,GSM8698011
4295432-0,1,GSM8698011
4295859-0,4,GSM8698011
4295885-0,5,GSM8698011
4298180-0,0,GSM8698011
4299673-0,2,GSM8698011
4300058-0,9,GSM8698011
4300458-0,0,GSM8698011
4300467-0,12,GSM8698011
4301658-0,0,GSM8698011
4302347-0,2,GSM8698011
4304735-0,1,GSM8698011
4305826-0,7,GSM8698011
4306972-0,7,GSM8698011
4307409-0,4,GSM8698011
4307808-0,11,GSM8698011
4309284-0,9,GSM8698011
4309651-0,11,GSM8698011
4311197-0,5,GSM8698011
4423694-0,7,GSM8698011
4425637-0,13,GSM8698011
4426075-0,3,GSM8698011
4429129-0,6,GSM8698011
4430221-0,0,GSM8698011
4431060-0,4,GSM8698011
4434104-0,7,GSM8698011
4435598-0,1,GSM8698011
4435608-0,0,GSM8698011
4436786-0,10,GSM8698011
4437579-0,1,GSM8698011
4441767-0,8,GSM8698011
4442136-0,4,GSM8698011
4443342-0,1,GSM8698011
4444473-0,4,GSM8698011
4446367-0,8,GSM8698011
4446797-0,0,GSM8698011
4451759-0,5,GSM8698011
4452166-0,3,GSM8698011
4452933-0,1,GSM8698011
4453252-0,5,GSM8698011
4454480-0,0,GSM8698011
4456755-0,3,GSM8698011
4457505-0,6,GSM8698011
4457562-0,0,GSM8698011
4571610-0,2,GSM8698011
4571934-0,11,GSM8698011
4571941-0,0,GSM8698011
4571998-0,7,GSM8698011
4573523-0,1,GSM8698011
4576549-0,1,GSM8698011
4578105-0,3,GSM8698011
4584282-0,11,GSM8698011
4586941-0,4,GSM8698011
4587685-0,5,GSM8698011
4590386-0,8,GSM8698011
4590418-0,8,GSM8698011
4590732-0,3,GSM8698011
4592280-0,2,GSM8698011
4595001-0,8,GSM8698011
4596151-0,5,GSM8698011
4598819-0,0,GSM8698011
4599942-0,2,GSM8698011
4600383-0,0,GSM8698011
4601180-0,12,GSM8698011
4601943-0,3,GSM8698011
4602299-0,0,GSM8698011
4603093-0,9,GSM8698011
4603807-0,10,GSM8698011
4606483-0,11,GSM8698011
4607638-0,3,GSM8698011
4722457-0,7,GSM8698011
4722469-0,0,GSM8698011
4724064-0,1,GSM8698011
4724394-0,0,GSM8698011
4724784-0,0,GSM8698011
4725162-0,0,GSM8698011
4725891-0,2,GSM8698011
4735887-0,1,GSM8698011
4737062-0,5,GSM8698011
4737807-0,0,GSM8698011
4740167-0,2,GSM8698011
4740922-0,1,GSM8698011
4742406-0,0,GSM8698011
4744410-0,2,GSM8698011
4746679-0,9,GSM8698011
4747845-0,3,GSM8698011
4749404-0,0,GSM8698011
4749708-0,2,GSM8698011
4749725-0,0,GSM8698011
4752085-0,0,GSM8698011
4752395-0,1,GSM8698011
4752780-0,2,GSM8698011
4866453-0,4,GSM8698011
4870330-0,2,GSM8698011
4871109-0,1,GSM8698011
4874135-0,6,GSM8698011
4875722-0,3,GSM8698011
4876436-0,2,GSM8698011
4881812-0,11,GSM8698011
4884155-0,10,GSM8698011
4884880-0,2,GSM8698011
4885679-0,9,GSM8698011
4888401-0,9,GSM8698011
4888407-0,8,GSM8698011
4888748-0,5,GSM8698011
4888756-0,9,GSM8698011
4889917-0,5,GSM8698011
4892619-0,4,GSM8698011
4894091-0,0,GSM8698011
4894537-0,1,GSM8698011
4895666-0,1,GSM8698011
4896387-0,9,GSM8698011
4897586-0,1,GSM8698011
4901847-0,5,GSM8698011
4902577-0,7,GSM8698011
4902603-0,0,GSM8698011
4902604-0,7,GSM8698011
5017349-0,0,GSM8698011
5018578-0,8,GSM8698011
5019293-0,5,GSM8698011
5020107-0,9,GSM8698011
5020858-0,8,GSM8698011
5021276-0,0,GSM8698011
5023546-0,0,GSM8698011
5025479-0,2,GSM8698011
5025810-0,2,GSM8698011
5029291-0,3,GSM8698011
5035052-0,2,GSM8698011
5045003-0,0,GSM8698011
5046150-0,4,GSM8698011
5047771-0,0,GSM8698011
5049989-0,11,GSM8698011
5162116-0,10,GSM8698011
5162167-0,2,GSM8698011
5162533-0,4,GSM8698011
5164802-0,0,GSM8698011
5169119-0,1,GSM8698011
5169448-0,10,GSM8698011
5170227-0,1,GSM8698011
5173673-0,9,GSM8698011
5177893-0,0,GSM8698011
5179402-0,6,GSM8698011
5180176-0,1,GSM8698011
5185928-0,2,GSM8698011
5185935-0,0,GSM8698011
5186319-0,10,GSM8698011
5186380-0,4,GSM8698011
5186384-0,6,GSM8698011
5187878-0,4,GSM8698011
5189011-0,1,GSM8698011
5190216-0,11,GSM8698011
5192493-0,11,GSM8698011
5193257-0,8,GSM8698011
5193275-0,7,GSM8698011
5194035-0,1,GSM8698011
5308873-0,3,GSM8698011
5308882-0,0,GSM8698011
5312711-0,5,GSM8698011
5317274-0,0,GSM8698011
5317336-0,0,GSM8698011
5319256-0,4,GSM8698011
5321915-0,4,GSM8698011
5322259-0,5,GSM8698011
5323010-0,1,GSM8698011
5324622-0,6,GSM8698011
5326118-0,6,GSM8698011
5327325-0,2,GSM8698011
5328035-0,6,GSM8698011
5328094-0,7,GSM8698011
5329553-0,3,GSM8698011
5329566-0,5,GSM8698011
5331519-0,6,GSM8698011
5333057-0,0,GSM8698011
5337238-0,5,GSM8698011
5341477-0,12,GSM8698011
5343068-0,8,GSM8698011
5344901-0,7,GSM8698011
5457821-0,9,GSM8698011
5458986-0,5,GSM8698011
5466251-0,7,GSM8698011
5467853-0,0,GSM8698011
5469010-0,5,GSM8698011
5472042-0,10,GSM8698011
5472802-0,12,GSM8698011
5476629-0,4,GSM8698011
5476636-0,2,GSM8698011
5477468-0,2,GSM8698011
5482397-0,2,GSM8698011
5486635-0,0,GSM8698011
5603359-0,12,GSM8698011
5603406-0,4,GSM8698011
5604917-0,9,GSM8698011
5605713-0,4,GSM8698011
5606454-0,8,GSM8698011
5610287-0,3,GSM8698011
5613702-0,2,GSM8698011
5614116-0,2,GSM8698011
5614917-0,6,GSM8698011
5617548-0,0,GSM8698011
5617585-0,1,GSM8698011
5620609-0,7,GSM8698011
5621402-0,3,GSM8698011
5621782-0,6,GSM8698011
5622599-0,1,GSM8698011
5625666-0,7,GSM8698011
5626010-0,10,GSM8698011
5629470-0,3,GSM8698011
5630638-0,9,GSM8698011
5631415-0,9,GSM8698011
5631452-0,3,GSM8698011
5633345-0,1,GSM8698011
5633351-0,12,GSM8698011
5634065-0,6,GSM8698011
5637600-0,4,GSM8698011
5637910-0,4,GSM8698011
5639902-0,0,GSM8698011
5753499-0,0,GSM8698011
5754658-0,3,GSM8698011
5755470-0,11,GSM8698011
5756935-0,4,GSM8698011
5757343-0,1,GSM8698011
5757398-0,2,GSM8698011
5758158-0,0,GSM8698011
5758525-0,6,GSM8698011
5759661-0,4,GSM8698011
5762306-0,4,GSM8698011
5762383-0,6,GSM8698011
5764244-0,0,GSM8698011
5765830-0,2,GSM8698011
5766216-0,0,GSM8698011
5766619-0,3,GSM8698011
5770453-0,10,GSM8698011
5773071-0,0,GSM8698011
5773876-0,4,GSM8698011
5774680-0,3,GSM8698011
5776168-0,2,GSM8698011
5776183-0,1,GSM8698011
5778895-0,2,GSM8698011
5780755-0,5,GSM8698011
5781195-0,0,GSM8698011
5781531-0,2,GSM8698011
5782725-0,0,GSM8698011
5785000-0,2,GSM8698011
5785408-0,0,GSM8698011
5786138-0,1,GSM8698011
5786516-0,2,GSM8698011
5786945-0,5,GSM8698011
5786976-0,0,GSM8698011
5898326-0,2,GSM8698011
5899424-0,11,GSM8698011
5904011-0,9,GSM8698011
5906387-0,8,GSM8698011
5906398-0,5,GSM8698011
5908691-0,6,GSM8698011
5909467-0,3,GSM8698011
5910969-0,0,GSM8698011
5912080-0,5,GSM8698011
5914003-0,4,GSM8698011
5914758-0,5,GSM8698011
5915530-0,2,GSM8698011
5915580-0,0,GSM8698011
5915591-0,1,GSM8698011
5915909-0,6,GSM8698011
5918283-0,2,GSM8698011
5918299-0,0,GSM8698011
5919805-0,4,GSM8698011
5920521-0,0,GSM8698011
5921364-0,3,GSM8698011
5921752-0,2,GSM8698011
5922099-0,4,GSM8698011
5922469-0,1,GSM8698011
5922835-0,3,GSM8698011
5922862-0,0,GSM8698011
5924754-0,11,GSM8698011
5928650-0,8,GSM8698011
5928969-0,11,GSM8698011
5929776-0,10,GSM8698011
5929797-0,3,GSM8698011
5932081-0,11,GSM8698011
5933992-0,1,GSM8698011
6046858-0,2,GSM8698011
6047643-0,4,GSM8698011
6049227-0,7,GSM8698011
6049246-0,10,GSM8698011
6050692-0,5,GSM8698011
6051140-0,2,GSM8698011
6051536-0,3,GSM8698011
6051874-0,4,GSM8698011
6052699-0,8,GSM8698011
6053015-0,1,GSM8698011
6054159-0,0,GSM8698011
6056536-0,9,GSM8698011
6056880-0,1,GSM8698011
6058416-0,0,GSM8698011
6059143-0,1,GSM8698011
6059916-0,2,GSM8698011
6059963-0,0,GSM8698011
6062236-0,2,GSM8698011
6062599-0,4,GSM8698011
6064186-0,6,GSM8698011
6065309-0,2,GSM8698011
6066115-0,0,GSM8698011
6066828-0,3,GSM8698011
6070710-0,0,GSM8698011
6074951-0,2,GSM8698011
6075660-0,5,GSM8698011
6075663-0,4,GSM8698011
6076880-0,0,GSM8698011
6078722-0,5,GSM8698011
6079950-0,10,GSM8698011
6080305-0,9,GSM8698011
6081470-0,2,GSM8698011
6082187-0,5,GSM8698011
6193193-0,6,GSM8698011
6193933-0,0,GSM8698011
6196262-0,5,GSM8698011
6197080-0,6,GSM8698011
6198145-0,0,GSM8698011
6200452-0,0,GSM8698011
6201297-0,7,GSM8698011
6202454-0,4,GSM8698011
6205473-0,0,GSM8698011
6205505-0,9,GSM8698011
6206282-0,1,GSM8698011
6206677-0,1,GSM8698011
6207811-0,10,GSM8698011
6207835-0,1,GSM8698011
6209707-0,5,GSM8698011
6212439-0,4,GSM8698011
6213159-0,9,GSM8698011
6213977-0,1,GSM8698011
6215136-0,0,GSM8698011
6216967-0,7,GSM8698011
6217384-0,6,GSM8698011
6218890-0,1,GSM8698011
6218912-0,5,GSM8698011
6220047-0,4,GSM8698011
6220449-0,8,GSM8698011
6221980-0,3,GSM8698011
6223918-0,11,GSM8698011
6225422-0,5,GSM8698011
6225865-0,1,GSM8698011
6227010-0,1,GSM8698011
6228558-0,1,GSM8698011
6347140-0,1,GSM8698011
6348357-0,1,GSM8698011
6350258-0,0,GSM8698011
6352160-0,7,GSM8698011
6352568-0,9,GSM8698011
6354136-0,0,GSM8698011
6358667-0,2,GSM8698011
6359120-0,5,GSM8698011
6360226-0,5,GSM8698011
6363294-0,0,GSM8698011
6364506-0,6,GSM8698011
6364854-0,1,GSM8698011
6365278-0,0,GSM8698011
6365630-0,11,GSM8698011
6366776-0,8,GSM8698011
6372142-0,4,GSM8698011
6372149-0,0,GSM8698011
6372869-0,4,GSM8698011
6373271-0,0,GSM8698011
6491969-0,0,GSM8698011
6493888-0,4,GSM8698011
6495047-0,0,GSM8698011
6495386-0,11,GSM8698011
6495824-0,7,GSM8698011
6496153-0,10,GSM8698011
6496202-0,4,GSM8698011
6502289-0,0,GSM8698011
6504962-0,1,GSM8698011
6505359-0,2,GSM8698011
6506583-0,4,GSM8698011
6506589-0,2,GSM8698011
6508511-0,11,GSM8698011
6509231-0,10,GSM8698011
6511489-0,4,GSM8698011
6511895-0,7,GSM8698011
6511907-0,11,GSM8698011
6513808-0,8,GSM8698011
6513855-0,5,GSM8698011
6514598-0,1,GSM8698011
6516951-0,3,GSM8698011
6518785-0,11,GSM8698011
6519235-0,6,GSM8698011
6519644-0,0,GSM8698011
6520714-0,1,GSM8698011
6521502-0,2,GSM8698011
6524576-0,5,GSM8698011
6635610-0,1,GSM8698011
6637076-0,3,GSM8698011
6637915-0,3,GSM8698011
6641713-0,7,GSM8698011
6641727-0,12,GSM8698011
6642498-0,1,GSM8698011
6644023-0,2,GSM8698011
6644789-0,3,GSM8698011
6645924-0,5,GSM8698011
6647041-0,6,GSM8698011
6647491-0,0,GSM8698011
6649048-0,0,GSM8698011
6652437-0,0,GSM8698011
6652889-0,7,GSM8698011
6654394-0,2,GSM8698011
6656340-0,0,GSM8698011
6660531-0,11,GSM8698011
6660960-0,0,GSM8698011
6662794-0,4,GSM8698011
6663565-0,6,GSM8698011
6663602-0,1,GSM8698011
6664754-0,2,GSM8698011
6665519-0,6,GSM8698011
6667410-0,10,GSM8698011
6667852-0,1,GSM8698011
6669001-0,6,GSM8698011
6669402-0,4,GSM8698011
6670109-0,1,GSM8698011
6670925-0,0,GSM8698011
6671317-0,4,GSM8698011
6784971-0,11,GSM8698011
6795680-0,0,GSM8698011
6796083-0,10,GSM8698011
6798405-0,0,GSM8698011
6801434-0,0,GSM8698011
6803717-0,1,GSM8698011
6804569-0,3,GSM8698011
6809542-0,0,GSM8698011
6809907-0,1,GSM8698011
6810314-0,1,GSM8698011
6812553-0,4,GSM8698011
6813378-0,1,GSM8698011
6815248-0,7,GSM8698011
6818708-0,5,GSM8698011
6818713-0,8,GSM8698011
6819471-0,8,GSM8698011
6931645-0,5,GSM8698011
6932800-0,6,GSM8698011
6939272-0,9,GSM8698011
6943516-0,1,GSM8698011
6946620-0,0,GSM8698011
6948549-0,3,GSM8698011
6949716-0,2,GSM8698011
6952396-0,1,GSM8698011
6953111-0,2,GSM8698011
6953520-0,3,GSM8698011
6954291-0,0,GSM8698011
6955052-0,2,GSM8698011
6955469-0,2,GSM8698011
6958942-0,0,GSM8698011
6960012-0,2,GSM8698011
6963476-0,4,GSM8698011
6963923-0,7,GSM8698011
6964271-0,5,GSM8698011
7079065-0,1,GSM8698011
7079118-0,1,GSM8698011
7080204-0,4,GSM8698011
7080662-0,9,GSM8698011
7081004-0,0,GSM8698011
7082917-0,4,GSM8698011
7084498-0,4,GSM8698011
7084820-0,1,GSM8698011
7085205-0,1,GSM8698011
7085622-0,5,GSM8698011
7086805-0,0,GSM8698011
7087558-0,0,GSM8698011
7087938-0,1,GSM8698011
7088298-0,0,GSM8698011
7090238-0,4,GSM8698011
7097908-0,10,GSM8698011
7100168-0,2,GSM8698011
7101702-0,3,GSM8698011
7102896-0,1,GSM8698011
7104411-0,4,GSM8698011
7105627-0,6,GSM8698011
7106336-0,0,GSM8698011
7106364-0,2,GSM8698011
7109031-0,11,GSM8698011
7110578-0,3,GSM8698011
7112833-0,1,GSM8698011
7114019-0,8,GSM8698011
7114373-0,3,GSM8698011
7226539-0,3,GSM8698011
7228085-0,1,GSM8698011
7229276-0,7,GSM8698011
7229621-0,1,GSM8698011
7230731-0,0,GSM8698011
7231507-0,0,GSM8698011
7232660-0,8,GSM8698011
7234998-0,10,GSM8698011
7235758-0,0,GSM8698011
7236161-0,11,GSM8698011
7236504-0,6,GSM8698011
7239982-0,2,GSM8698011
7240784-0,1,GSM8698011
7245011-0,0,GSM8698011
7246152-0,0,GSM8698011
7246888-0,6,GSM8698011
7247278-0,9,GSM8698011
7247307-0,0,GSM8698011
7248469-0,4,GSM8698011
7249569-0,3,GSM8698011
7249591-0,2,GSM8698011
7250345-0,4,GSM8698011
7250734-0,11,GSM8698011
7251144-0,5,GSM8698011
7251915-0,2,GSM8698011
7252703-0,0,GSM8698011
7253052-0,4,GSM8698011
7253062-0,0,GSM8698011
7254995-0,6,GSM8698011
7255752-0,4,GSM8698011
7256917-0,4,GSM8698011
7257612-0,0,GSM8698011
7258075-0,7,GSM8698011
7258458-0,1,GSM8698011
7259532-0,0,GSM8698011
7260363-0,2,GSM8698011
7261511-0,3,GSM8698011
7374428-0,3,GSM8698011
7375543-0,1,GSM8698011
7376262-0,5,GSM8698011
7379371-0,3,GSM8698011
7380570-0,1,GSM8698011
7381316-0,2,GSM8698011
7382477-0,12,GSM8698011
7384721-0,8,GSM8698011
7385920-0,0,GSM8698011
7389352-0,4,GSM8698011
7390095-0,0,GSM8698011
7395475-0,1,GSM8698011
7398195-0,2,GSM8698011
7400471-0,9,GSM8698011
7400858-0,0,GSM8698011
7401268-0,10,GSM8698011
7401693-0,0,GSM8698011
7402447-0,0,GSM8698011
7402799-0,5,GSM8698011
7403544-0,0,GSM8698011
7403991-0,8,GSM8698011
7405457-0,5,GSM8698011
7406663-0,5,GSM8698011
7409376-0,5,GSM8698011
7521823-0,4,GSM8698011
7523393-0,9,GSM8698011
7524573-0,10,GSM8698011
7525312-0,0,GSM8698011
7528789-0,0,GSM8698011
7530282-0,10,GSM8698011
7532946-0,5,GSM8698011
7533338-0,3,GSM8698011
7533734-0,4,GSM8698011
7535257-0,1,GSM8698011
7537554-0,9,GSM8698011
7539075-0,0,GSM8698011
7539552-0,4,GSM8698011
7539886-0,1,GSM8698011
7540626-0,4,GSM8698011
7541776-0,4,GSM8698011
7542161-0,13,GSM8698011
7544841-0,2,GSM8698011
7547597-0,0,GSM8698011
7547935-0,2,GSM8698011
7548714-0,1,GSM8698011
7549878-0,2,GSM8698011
7550597-0,2,GSM8698011
7551760-0,5,GSM8698011
7554520-0,3,GSM8698011
7556023-0,5,GSM8698011
7673926-0,2,GSM8698011
7675078-0,5,GSM8698011
7676987-0,3,GSM8698011
7678491-0,7,GSM8698011
7679264-0,5,GSM8698011
7681153-0,1,GSM8698011
7682312-0,9,GSM8698011
7682338-0,8,GSM8698011
7682781-0,0,GSM8698011
7683848-0,0,GSM8698011
7686609-0,7,GSM8698011
7686987-0,9,GSM8698011
7687307-0,5,GSM8698011
7689659-0,2,GSM8698011
7691555-0,1,GSM8698011
7691999-0,2,GSM8698011
7692299-0,8,GSM8698011
7692359-0,7,GSM8698011
7695828-0,7,GSM8698011
7696536-0,1,GSM8698011
7698522-0,2,GSM8698011
7700743-0,6,GSM8698011
7701577-0,12,GSM8698011
7701584-0,4,GSM8698011
7815582-0,12,GSM8698011
7816362-0,5,GSM8698011
7816723-0,1,GSM8698011
7827468-0,2,GSM8698011
7827537-0,1,GSM8698011
7828267-0,8,GSM8698011
7829032-0,6,GSM8698011
7830230-0,2,GSM8698011
7831741-0,0,GSM8698011
7832890-0,8,GSM8698011
7833608-0,10,GSM8698011
7834012-0,7,GSM8698011
7835531-0,2,GSM8698011
7835967-0,2,GSM8698011
7836313-0,8,GSM8698011
7837486-0,2,GSM8698011
7840590-0,4,GSM8698011
7845166-0,1,GSM8698011
7845592-0,10,GSM8698011
7847510-0,2,GSM8698011
7848267-0,4,GSM8698011
7851346-0,10,GSM8698011
7963856-0,6,GSM8698011
7968809-0,3,GSM8698011
7971098-0,7,GSM8698011
7971141-0,10,GSM8698011
7971893-0,2,GSM8698011
7971921-0,5,GSM8698011
7972665-0,5,GSM8698011
7973087-0,2,GSM8698011
7975713-0,8,GSM8698011
7977297-0,4,GSM8698011
7977632-0,2,GSM8698011
7978846-0,6,GSM8698011
7980711-0,1,GSM8698011
7981904-0,3,GSM8698011
7984912-0,10,GSM8698011
7985719-0,0,GSM8698011
7988439-0,1,GSM8698011
7989891-0,6,GSM8698011
7989962-0,1,GSM8698011
7990722-0,2,GSM8698011
7992210-0,0,GSM8698011
7992617-0,1,GSM8698011
7993390-0,6,GSM8698011
7993411-0,1,GSM8698011
7994943-0,0,GSM8698011
7997249-0,11,GSM8698011
7998813-0,2,GSM8698011
8111667-0,1,GSM8698011
8112060-0,4,GSM8698011
8113945-0,7,GSM8698011
8117391-0,2,GSM8698011
8117812-0,1,GSM8698011
8121679-0,0,GSM8698011
8122379-0,3,GSM8698011
8122782-0,2,GSM8698011
8122796-0,4,GSM8698011
8122811-0,0,GSM8698011
8125065-0,1,GSM8698011
8127042-0,10,GSM8698011
8128600-0,9,GSM8698011
8129353-0,4,GSM8698011
8131669-0,2,GSM8698011
8134677-0,0,GSM8698011
8134727-0,0,GSM8698011
8135866-0,7,GSM8698011
8136649-0,8,GSM8698011
8137028-0,3,GSM8698011
8138530-0,7,GSM8698011
8140043-0,6,GSM8698011
8140127-0,6,GSM8698011
8143547-0,2,GSM8698011
8143873-0,9,GSM8698011
8145035-0,4,GSM8698011
8258322-0,6,GSM8698011
8258368-0,2,GSM8698011
8266016-0,2,GSM8698011
8267191-0,0,GSM8698011
8267563-0,6,GSM8698011
8268318-0,8,GSM8698011
8268702-0,3,GSM8698011
8269059-0,9,GSM8698011
8269520-0,8,GSM8698011
8270607-0,3,GSM8698011
8271376-0,0,GSM8698011
8272956-0,8,GSM8698011
8274476-0,2,GSM8698011
8275248-0,1,GSM8698011
8277130-0,5,GSM8698011
8277214-0,3,GSM8698011
8277594-0,3,GSM8698011
8278701-0,3,GSM8698011
8280239-0,0,GSM8698011
8281393-0,6,GSM8698011
8284858-0,1,GSM8698011
8286801-0,6,GSM8698011
8288680-0,4,GSM8698011
8289464-0,3,GSM8698011
8289471-0,2,GSM8698011
8290637-0,6,GSM8698011
8291358-0,11,GSM8698011
8292175-0,5,GSM8698011
8292914-0,10,GSM8698011
8293301-0,1,GSM8698011
8405768-0,3,GSM8698011
8406563-0,3,GSM8698011
8409656-0,2,GSM8698011
8412294-0,12,GSM8698011
8415071-0,3,GSM8698011
8416199-0,5,GSM8698011
8416561-0,3,GSM8698011
8418123-0,2,GSM8698011
8418437-0,1,GSM8698011
8419649-0,7,GSM8698011
8420042-0,0,GSM8698011
8421949-0,3,GSM8698011
8422676-0,3,GSM8698011
8423854-0,0,GSM8698011
8426152-0,3,GSM8698011
8427344-0,4,GSM8698011
8428855-0,2,GSM8698011
8430031-0,0,GSM8698011
8434978-0,0,GSM8698011
8435002-0,10,GSM8698011
8435388-0,3,GSM8698011
8436517-0,7,GSM8698011
8437297-0,3,GSM8698011
8438107-0,0,GSM8698011
8438111-0,2,GSM8698011
8440400-0,0,GSM8698011
8554037-0,4,GSM8698011
8554413-0,1,GSM8698011
8557472-0,4,GSM8698011
8558258-0,2,GSM8698011
8559785-0,5,GSM8698011
8563979-0,0,GSM8698011
8564062-0,0,GSM8698011
8564769-0,2,GSM8698011
8565943-0,3,GSM8698011
8568657-0,12,GSM8698011
8570586-0,1,GSM8698011
8570941-0,3,GSM8698011
8573219-0,5,GSM8698011
8573607-0,4,GSM8698011
8574367-0,9,GSM8698011
8574411-0,0,GSM8698011
8575122-0,4,GSM8698011
8575873-0,4,GSM8698011
8577416-0,4,GSM8698011
8577449-0,2,GSM8698011
8580913-0,8,GSM8698011
8582100-0,3,GSM8698011
8582438-0,11,GSM8698011
8583194-0,8,GSM8698011
8584376-0,6,GSM8698011
8585899-0,3,GSM8698011
8702215-0,0,GSM8698011
8702250-0,4,GSM8698011
8704206-0,3,GSM8698011
8705307-0,0,GSM8698011
8707242-0,1,GSM8698011
8707294-0,1,GSM8698011
8708425-0,4,GSM8698011
8709561-0,1,GSM8698011
8709965-0,5,GSM8698011
8712670-0,10,GSM8698011
8713434-0,1,GSM8698011
8713790-0,5,GSM8698011
8714936-0,1,GSM8698011
8718746-0,4,GSM8698011
8719120-0,5,GSM8698011
8719945-0,6,GSM8698011
8720294-0,1,GSM8698011
8721081-0,0,GSM8698011
8722962-0,13,GSM8698011
8723369-0,1,GSM8698011
8724112-0,6,GSM8698011
8724543-0,9,GSM8698011
8726026-0,0,GSM8698011
8728343-0,5,GSM8698011
8729555-0,3,GSM8698011
8729946-0,0,GSM8698011
8730304-0,6,GSM8698011
8732946-0,2,GSM8698011
8732983-0,10,GSM8698011
8734483-0,8,GSM8698011
8847416-0,7,GSM8698011
8847755-0,6,GSM8698011
8853209-0,5,GSM8698011
8855825-0,8,GSM8698011
8855838-0,0,GSM8698011
8857812-0,0,GSM8698011
8859268-0,0,GSM8698011
8860448-0,3,GSM8698011
8860490-0,8,GSM8698011
8861240-0,10,GSM8698011
8861604-0,11,GSM8698011
8871598-0,7,GSM8698011
8872001-0,3,GSM8698011
8876986-0,4,GSM8698011
8877009-0,5,GSM8698011
8881563-0,8,GSM8698011
8881973-0,2,GSM8698011
8882754-0,2,GSM8698011
8883537-0,1,GSM8698011
8995626-0,7,GSM8698011
8996395-0,1,GSM8698011
8996762-0,8,GSM8698011
8997527-0,7,GSM8698011
8998729-0,7,GSM8698011
9002143-0,1,GSM8698011
9003656-0,10,GSM8698011
9004038-0,10,GSM8698011
9006420-0,0,GSM8698011
9007958-0,10,GSM8698011
9010252-0,1,GSM8698011
9011370-0,6,GSM8698011
9011375-0,6,GSM8698011
9012540-0,7,GSM8698011
9014027-0,1,GSM8698011
9014098-0,3,GSM8698011
9014105-0,1,GSM8698011
9020223-0,1,GSM8698011
9020633-0,6,GSM8698011
9021329-0,6,GSM8698011
9022468-0,0,GSM8698011
9026726-0,1,GSM8698011
9027117-0,9,GSM8698011
9027143-0,1,GSM8698011
9028297-0,2,GSM8698011
9031347-0,1,GSM8698011
9142718-0,1,GSM8698011
9143063-0,4,GSM8698011
9144670-0,3,GSM8698011
9146167-0,8,GSM8698011
9147326-0,5,GSM8698011
9150780-0,12,GSM8698011
9151132-0,1,GSM8698011
9152679-0,3,GSM8698011
9154218-0,0,GSM8698011
9156116-0,6,GSM8698011
9156561-0,1,GSM8698011
9156922-0,6,GSM8698011
9158020-0,1,GSM8698011
9161857-0,8,GSM8698011
9162271-0,6,GSM8698011
9162645-0,2,GSM8698011
9162679-0,7,GSM8698011
9166081-0,0,GSM8698011
9166887-0,1,GSM8698011
9167267-0,1,GSM8698011
9167645-0,7,GSM8698011
9171870-0,8,GSM8698011
9174202-0,0,GSM8698011
9178052-0,10,GSM8698011
9178441-0,10,GSM8698011
9178817-0,0,GSM8698011
9291715-0,1,GSM8698011
9295955-0,1,GSM8698011
9296646-0,2,GSM8698011
9298630-0,1,GSM8698011
9298955-0,6,GSM8698011
9300525-0,8,GSM8698011
9300947-0,7,GSM8698011
9309006-0,2,GSM8698011
9315871-0,9,GSM8698011
9316672-0,1,GSM8698011
9318621-0,5,GSM8698011
9320137-0,4,GSM8698011
9321619-0,1,GSM8698011
9322820-0,5,GSM8698011
9324352-0,0,GSM8698011
9437234-0,11,GSM8698011
9440660-0,7,GSM8698011
9442228-0,2,GSM8698011
9442986-0,11,GSM8698011
9444924-0,4,GSM8698011
9446091-0,2,GSM8698011
9447942-0,8,GSM8698011
9448759-0,1,GSM8698011
9449473-0,1,GSM8698011
9449529-0,1,GSM8698011
9450336-0,4,GSM8698011
9452551-0,4,GSM8698011
9454505-0,8,GSM8698011
9456788-0,10,GSM8698011
9456807-0,4,GSM8698011
9457178-0,6,GSM8698011
9457580-0,1,GSM8698011
9458012-0,5,GSM8698011
9464154-0,7,GSM8698011
9465223-0,1,GSM8698011
9465628-0,12,GSM8698011
9466369-0,2,GSM8698011
9469520-0,6,GSM8698011
9471753-0,6,GSM8698011
9473344-0,5,GSM8698011
9473746-0,5,GSM8698011
9585484-0,2,GSM8698011
9591178-0,3,GSM8698011
9591197-0,1,GSM8698011
9591580-0,0,GSM8698011
9591977-0,2,GSM8698011
9593169-0,1,GSM8698011
9593545-0,3,GSM8698011
9593893-0,0,GSM8698011
9595421-0,0,GSM8698011
9596976-0,5,GSM8698011
9597386-0,1,GSM8698011
9598493-0,7,GSM8698011
9598909-0,1,GSM8698011
9600418-0,4,GSM8698011
9603107-0,8,GSM8698011
9604701-0,4,GSM8698011
9604993-0,0,GSM8698011
9605396-0,0,GSM8698011
9605406-0,6,GSM8698011
9605843-0,1,GSM8698011
9606969-0,6,GSM8698011
9607336-0,3,GSM8698011
9608857-0,7,GSM8698011
9615020-0,2,GSM8698011
9615416-0,0,GSM8698011
9615806-0,5,GSM8698011
9616991-0,2,GSM8698011
9617357-0,4,GSM8698011
9618455-0,5,GSM8698011
9619652-0,0,GSM8698011
9732557-0,0,GSM8698011
9732944-0,12,GSM8698011
9733314-0,8,GSM8698011
9733672-0,5,GSM8698011
9734061-0,2,GSM8698011
9736766-0,6,GSM8698011
9737519-0,2,GSM8698011
9738650-0,5,GSM8698011
9741382-0,2,GSM8698011
9741767-0,5,GSM8698011
9744057-0,2,GSM8698011
9745174-0,8,GSM8698011
9746015-0,2,GSM8698011
9746390-0,5,GSM8698011
9747152-0,6,GSM8698011
9747886-0,0,GSM8698011
9748290-0,9,GSM8698011
9749005-0,2,GSM8698011
9750229-0,6,GSM8698011
9750590-0,4,GSM8698011
9750943-0,0,GSM8698011
9751321-0,0,GSM8698011
9752457-0,1,GSM8698011
9752512-0,2,GSM8698011
9755923-0,6,GSM8698011
9756694-0,0,GSM8698011
9758258-0,5,GSM8698011
9759065-0,3,GSM8698011
9759756-0,3,GSM8698011
9760943-0,3,GSM8698011
9762443-0,3,GSM8698011
9767871-0,13,GSM8698011
9879963-0,0,GSM8698011
9880005-0,10,GSM8698011
9881521-0,5,GSM8698011
9881558-0,4,GSM8698011
9884581-0,2,GSM8698011
9887326-0,7,GSM8698011
9888438-0,8,GSM8698011
9890750-0,6,GSM8698011
9894606-0,9,GSM8698011
9895004-0,9,GSM8698011
9895297-0,2,GSM8698011
9896470-0,2,GSM8698011
9897273-0,6,GSM8698011
9898449-0,4,GSM8698011
9898841-0,9,GSM8698011
9899553-0,7,GSM8698011
9900693-0,0,GSM8698011
9901107-0,0,GSM8698011
9902299-0,1,GSM8698011
9904965-0,5,GSM8698011
9906527-0,1,GSM8698011
9906818-0,7,GSM8698011
9906899-0,10,GSM8698011
9909137-0,2,GSM8698011
9909598-0,6,GSM8698011
9910733-0,9,GSM8698011
9913041-0,1,GSM8698011
10027009-0,1,GSM8698011
10027075-0,1,GSM8698011
10028595-0,10,GSM8698011
10029337-0,1,GSM8698011
10033544-0,1,GSM8698011
10044736-0,4,GSM8698011
10045061-0,0,GSM8698011
10046287-0,5,GSM8698011
10048583-0,10,GSM8698011
10049312-0,12,GSM8698011
10050109-0,1,GSM8698011
10050524-0,8,GSM8698011
10051266-0,3,GSM8698011
10051626-0,4,GSM8698011
10052388-0,7,GSM8698011
10053899-0,0,GSM8698011
10060077-0,0,GSM8698011
10060094-0,1,GSM8698011
10060422-0,2,GSM8698011
10176054-0,10,GSM8698011
10177170-0,4,GSM8698011
10178754-0,5,GSM8698011
10183758-0,4,GSM8698011
10184117-0,6,GSM8698011
10187218-0,9,GSM8698011
10187981-0,2,GSM8698011
10190983-0,0,GSM8698011
10191819-0,9,GSM8698011
10194895-0,1,GSM8698011
10197560-0,1,GSM8698011
10199470-0,3,GSM8698011
10200994-0,7,GSM8698011
10201787-0,0,GSM8698011
10201812-0,3,GSM8698011
10203682-0,0,GSM8698011
10205189-0,4,GSM8698011
10205641-0,6,GSM8698011
10206749-0,1,GSM8698011
10207139-0,2,GSM8698011
10207919-0,0,GSM8698011
10208642-0,2,GSM8698011
10210188-0,0,GSM8698011
10210655-0,11,GSM8698011
10321943-0,5,GSM8698011
10323139-0,2,GSM8698011
10323901-0,5,GSM8698011
10325075-0,13,GSM8698011
10326978-0,2,GSM8698011
10326997-0,5,GSM8698011
10327747-0,11,GSM8698011
10328495-0,8,GSM8698011
10329228-0,0,GSM8698011
10331226-0,3,GSM8698011
10333895-0,7,GSM8698011
10335800-0,5,GSM8698011
10337372-0,1,GSM8698011
10341896-0,7,GSM8698011
10342355-0,0,GSM8698011
10343879-0,3,GSM8698011
10344655-0,3,GSM8698011
10345752-0,5,GSM8698011
10346918-0,0,GSM8698011
10348068-0,2,GSM8698011
10351911-0,11,GSM8698011
10354646-0,11,GSM8698011
10355803-0,6,GSM8698011
10356166-0,3,GSM8698011
10470215-0,2,GSM8698011
10472468-0,7,GSM8698011
10472491-0,2,GSM8698011
10474779-0,9,GSM8698011
10475209-0,1,GSM8698011
10475597-0,0,GSM8698011
10475606-0,1,GSM8698011
10475906-0,5,GSM8698011
10475971-0,4,GSM8698011
10478210-0,5,GSM8698011
10478638-0,9,GSM8698011
10487469-0,0,GSM8698011
10488991-0,4,GSM8698011
10489419-0,2,GSM8698011
10490513-0,2,GSM8698011
10491351-0,4,GSM8698011
10492885-0,6,GSM8698011
10494431-0,6,GSM8698011
10495139-0,11,GSM8698011
10495490-0,0,GSM8698011
10498604-0,3,GSM8698011
10499333-0,9,GSM8698011
10502785-0,3,GSM8698011
10503940-0,1,GSM8698011
10504382-0,7,GSM8698011
10504708-0,1,GSM8698011
10617238-0,0,GSM8698011
10617635-0,0,GSM8698011
10620736-0,5,GSM8698011
10624150-0,3,GSM8698011
10626901-0,6,GSM8698011
10628060-0,9,GSM8698011
10629208-0,2,GSM8698011
10631122-0,9,GSM8698011
10635689-0,3,GSM8698011
10636039-0,10,GSM8698011
10636884-0,1,GSM8698011
10637626-0,7,GSM8698011
10638360-0,11,GSM8698011
10639114-0,3,GSM8698011
10640274-0,0,GSM8698011
10643788-0,1,GSM8698011
10644489-0,2,GSM8698011
10645723-0,2,GSM8698011
10647974-0,1,GSM8698011
10648774-0,7,GSM8698011
10649534-0,3,GSM8698011
10650275-0,9,GSM8698011
10651010-0,2,GSM8698011
10652189-0,1,GSM8698011
10765827-0,8,GSM8698011
10766273-0,1,GSM8698011
10767049-0,2,GSM8698011
10771973-0,7,GSM8698011
10772037-0,8,GSM8698011
10772740-0,2,GSM8698011
10773582-0,1,GSM8698011
10773962-0,3,GSM8698011
10774336-0,1,GSM8698011
10774346-0,9,GSM8698011
10775454-0,2,GSM8698011
10775491-0,6,GSM8698011
10776265-0,5,GSM8698011
10776612-0,4,GSM8698011
10776633-0,0,GSM8698011
10778202-0,1,GSM8698011
10779349-0,12,GSM8698011
10783574-0,12,GSM8698011
10784274-0,1,GSM8698011
10784682-0,3,GSM8698011
10784724-0,4,GSM8698011
10786200-0,1,GSM8698011
10792786-0,1,GSM8698011
10793910-0,2,GSM8698011
10794330-0,9,GSM8698011
10795471-0,1,GSM8698011
10796949-0,4,GSM8698011
10798158-0,0,GSM8698011
10800392-0,9,GSM8698011
10800808-0,0,GSM8698011
10913696-0,0,GSM8698011
10916762-0,3,GSM8698011
10919900-0,6,GSM8698011
10920994-0,0,GSM8698011
10921821-0,0,GSM8698011
10922568-0,7,GSM8698011
10922967-0,6,GSM8698011
10924061-0,0,GSM8698011
10925578-0,1,GSM8698011
10929117-0,4,GSM8698011
10929808-0,6,GSM8698011
10929815-0,1,GSM8698011
10930201-0,0,GSM8698011
10932154-0,1,GSM8698011
10934878-0,0,GSM8698011
10939418-0,1,GSM8698011
10940638-0,4,GSM8698011
10941351-0,0,GSM8698011
10942137-0,1,GSM8698011
10942559-0,3,GSM8698011
10944390-0,4,GSM8698011
10945547-0,5,GSM8698011
10946011-0,0,GSM8698011
10946747-0,0,GSM8698011
10946775-0,0,GSM8698011
11059996-0,11,GSM8698011
11060036-0,5,GSM8698011
11060046-0,0,GSM8698011
11060051-0,0,GSM8698011
11064601-0,9,GSM8698011
11067321-0,1,GSM8698011
11068081-0,0,GSM8698011
11068814-0,5,GSM8698011
11069587-0,0,GSM8698011
11069623-0,7,GSM8698011
11074637-0,5,GSM8698011
11075037-0,8,GSM8698011
11076899-0,11,GSM8698011
11077310-0,0,GSM8698011
11078430-0,7,GSM8698011
11082258-0,13,GSM8698011
11089239-0,7,GSM8698011
11089599-0,2,GSM8698011
11090351-0,10,GSM8698011
11093054-0,4,GSM8698011
11207899-0,10,GSM8698011
11212430-0,2,GSM8698011
11214389-0,1,GSM8698011
11214399-0,1,GSM8698011
11218205-0,0,GSM8698011
11218591-0,0,GSM8698011
11221290-0,0,GSM8698011
11223258-0,2,GSM8698011
11225514-0,1,GSM8698011
11227789-0,3,GSM8698011
11227799-0,2,GSM8698011
11229773-0,8,GSM8698011
11232856-0,3,GSM8698011
11234380-0,1,GSM8698011
11235142-0,0,GSM8698011
11235154-0,2,GSM8698011
11237061-0,8,GSM8698011
11238573-0,9,GSM8698011
11239376-0,4,GSM8698011
11240908-0,0,GSM8698011
11241616-0,1,GSM8698011
11242775-0,1,GSM8698011
11354177-0,3,GSM8698011
11354943-0,6,GSM8698011
11355683-0,6,GSM8698011
11357253-0,3,GSM8698011
11358015-0,0,GSM8698011
11359942-0,0,GSM8698011
11360309-0,7,GSM8698011
11361409-0,0,GSM8698011
11362638-0,4,GSM8698011
11369148-0,0,GSM8698011
11369869-0,7,GSM8698011
11371092-0,1,GSM8698011
11373322-0,7,GSM8698011
11374877-0,6,GSM8698011
11375702-0,2,GSM8698011
11379484-0,11,GSM8698011
11380258-0,4,GSM8698011
11381445-0,3,GSM8698011
11381849-0,3,GSM8698011
11383369-0,1,GSM8698011
11384508-0,2,GSM8698011
11384909-0,7,GSM8698011
11385259-0,2,GSM8698011
11385685-0,0,GSM8698011
11390646-0,5,GSM8698011
11505089-0,1,GSM8698011
11508155-0,8,GSM8698011
11510796-0,8,GSM8698011
11511262-0,10,GSM8698011
11511986-0,2,GSM8698011
11517761-0,1,GSM8698011
11520053-0,12,GSM8698011
11521539-0,0,GSM8698011
11521958-0,11,GSM8698011
11522379-0,0,GSM8698011
11522723-0,4,GSM8698011
11522739-0,1,GSM8698011
11527357-0,4,GSM8698011
11529290-0,2,GSM8698011
11530828-0,0,GSM8698011
11532331-0,3,GSM8698011
11532368-0,6,GSM8698011
11533060-0,2,GSM8698011
11533481-0,1,GSM8698011
11534629-0,0,GSM8698011
11534651-0,11,GSM8698011
11536135-0,10,GSM8698011
11536559-0,1,GSM8698011
11649084-0,3,GSM8698011
11649795-0,11,GSM8698011
11649811-0,1,GSM8698011
11650178-0,10,GSM8698011
11657869-0,2,GSM8698011
11657881-0,0,GSM8698011
11658241-0,1,GSM8698011
11658258-0,11,GSM8698011
11659803-0,8,GSM8698011
11662092-0,2,GSM8698011
11662117-0,1,GSM8698011
11662157-0,0,GSM8698011
11662856-0,1,GSM8698011
11663310-0,4,GSM8698011
11663691-0,5,GSM8698011
11664451-0,5,GSM8698011
11665613-0,4,GSM8698011
11665974-0,0,GSM8698011
11667167-0,10,GSM8698011
11667851-0,0,GSM8698011
11668257-0,6,GSM8698011
11668672-0,0,GSM8698011
11668690-0,8,GSM8698011
11669422-0,3,GSM8698011
11669435-0,2,GSM8698011
11671002-0,2,GSM8698011
11671339-0,9,GSM8698011
11672115-0,6,GSM8698011
11672843-0,5,GSM8698011
11673303-0,2,GSM8698011
11673649-0,4,GSM8698011
11674022-0,11,GSM8698011
11674394-0,0,GSM8698011
11676327-0,9,GSM8698011
11677102-0,5,GSM8698011
11677875-0,3,GSM8698011
11678636-0,1,GSM8698011
11679810-0,1,GSM8698011
11680923-0,0,GSM8698011
11681757-0,9,GSM8698011
11682509-0,6,GSM8698011
11683203-0,2,GSM8698011
11684421-0,3,GSM8698011
11685538-0,0,GSM8698011
11798418-0,11,GSM8698011
11800331-0,1,GSM8698011
11800379-0,5,GSM8698011
11801143-0,4,GSM8698011
11801541-0,1,GSM8698011
11804202-0,9,GSM8698011
11805344-0,3,GSM8698011
11806157-0,5,GSM8698011
11809929-0,0,GSM8698011
11810397-0,3,GSM8698011
11814181-0,10,GSM8698011
11814926-0,12,GSM8698011
11817247-0,4,GSM8698011
11817601-0,2,GSM8698011
11818052-0,2,GSM8698011
11819181-0,4,GSM8698011
11820302-0,3,GSM8698011
11820305-0,0,GSM8698011
11821864-0,1,GSM8698011
11821908-0,11,GSM8698011
11824208-0,0,GSM8698011
11824514-0,6,GSM8698011
11825699-0,5,GSM8698011
11825752-0,4,GSM8698011
11827595-0,6,GSM8698011
11829129-0,6,GSM8698011
11829209-0,4,GSM8698011
11830713-0,5,GSM8698011
11832204-0,6,GSM8698011
11944389-0,6,GSM8698011
11945921-0,3,GSM8698011
11946297-0,2,GSM8698011
11947793-0,4,GSM8698011
11948588-0,2,GSM8698011
11948948-0,3,GSM8698011
11950517-0,1,GSM8698011
11950868-0,10,GSM8698011
11951287-0,6,GSM8698011
11953581-0,6,GSM8698011
11954336-0,8,GSM8698011
11955856-0,7,GSM8698011
11957422-0,2,GSM8698011
11958207-0,3,GSM8698011
11959690-0,9,GSM8698011
11962374-0,1,GSM8698011
11962827-0,1,GSM8698011
11965147-0,1,GSM8698011
11967032-0,0,GSM8698011
11967447-0,7,GSM8698011
11968212-0,10,GSM8698011
11969731-0,10,GSM8698011
11970885-0,7,GSM8698011
11972041-0,0,GSM8698011
11972790-0,10,GSM8698011
11973184-0,7,GSM8698011
11974679-0,6,GSM8698011
11975825-0,0,GSM8698011
11976261-0,10,GSM8698011
11977037-0,2,GSM8698011
12093341-0,6,GSM8698011
12096821-0,11,GSM8698011
12097967-0,5,GSM8698011
12099905-0,1,GSM8698011
12100628-0,6,GSM8698011
12103384-0,2,GSM8698011
12103743-0,1,GSM8698011
12104879-0,6,GSM8698011
12106804-0,5,GSM8698011
12111440-0,1,GSM8698011
12112576-0,8,GSM8698011
12112924-0,0,GSM8698011
12113362-0,11,GSM8698011
12119432-0,7,GSM8698011
12120600-0,1,GSM8698011
12120604-0,0,GSM8698011
12120667-0,11,GSM8698011
12124075-0,3,GSM8698011
12124100-0,0,GSM8698011
12124803-0,6,GSM8698011
12125223-0,6,GSM8698011
12125638-0,5,GSM8698011
12125993-0,3,GSM8698011
12239647-0,4,GSM8698011
12240076-0,2,GSM8698011
12240790-0,4,GSM8698011
12242727-0,0,GSM8698011
12242767-0,1,GSM8698011
12243904-0,10,GSM8698011
12246548-0,10,GSM8698011
12246580-0,0,GSM8698011
12247381-0,5,GSM8698011
12248475-0,0,GSM8698011
12249607-0,2,GSM8698011
12250015-0,2,GSM8698011
12251930-0,2,GSM8698011
12253086-0,6,GSM8698011
12253108-0,7,GSM8698011
12254293-0,9,GSM8698011
12255807-0,7,GSM8698011
12256129-0,11,GSM8698011
12258131-0,0,GSM8698011
12260017-0,1,GSM8698011
12264215-0,12,GSM8698011
12266939-0,2,GSM8698011
12270002-0,3,GSM8698011
12270397-0,1,GSM8698011
12271112-0,1,GSM8698011
12273445-0,5,GSM8698011
12273498-0,7,GSM8698011
12386328-0,10,GSM8698011
12386355-0,4,GSM8698011
12390988-0,2,GSM8698011
12391762-0,5,GSM8698011
12393660-0,9,GSM8698011
12395215-0,7,GSM8698011
12396310-0,2,GSM8698011
12396350-0,3,GSM8698011
12398257-0,6,GSM8698011
12400172-0,4,GSM8698011
12401337-0,5,GSM8698011
12402472-0,5,GSM8698011
12403256-0,1,GSM8698011
12405984-0,3,GSM8698011
12409732-0,0,GSM8698011
12410508-0,4,GSM8698011
12413584-0,11,GSM8698011
12414025-0,5,GSM8698011
12414035-0,0,GSM8698011
12415561-0,4,GSM8698011
12416300-0,1,GSM8698011
12418999-0,1,GSM8698011
12419379-0,11,GSM8698011
12419713-0,9,GSM8698011
12420119-0,0,GSM8698011
12422051-0,3,GSM8698011
12534195-0,2,GSM8698011
12534938-0,6,GSM8698011
12535311-0,9,GSM8698011
12535380-0,12,GSM8698011
12537623-0,8,GSM8698011
12538379-0,0,GSM8698011
12539161-0,0,GSM8698011
12544580-0,5,GSM8698011
12545288-0,2,GSM8698011
12545747-0,1,GSM8698011
12546856-0,4,GSM8698011
12549524-0,9,GSM8698011
12550366-0,1,GSM8698011
12551045-0,2,GSM8698011
12555322-0,2,GSM8698011
12557955-0,1,GSM8698011
12560287-0,2,GSM8698011
12562591-0,1,GSM8698011
12564915-0,1,GSM8698011
12564927-0,0,GSM8698011
12564948-0,7,GSM8698011
12565269-0,0,GSM8698011
12566102-0,10,GSM8698011
12566859-0,1,GSM8698011
12567209-0,2,GSM8698011
12568778-0,2,GSM8698011
12569181-0,1,GSM8698011
12569524-0,4,GSM8698011
12569864-0,3,GSM8698011
12682388-0,0,GSM8698011
12683564-0,1,GSM8698011
12683956-0,3,GSM8698011
12684337-0,8,GSM8698011
12688562-0,5,GSM8698011
12688592-0,0,GSM8698011
12689751-0,10,GSM8698011
12691629-0,0,GSM8698011
12696611-0,13,GSM8698011
12697354-0,0,GSM8698011
12698919-0,0,GSM8698011
12699295-0,1,GSM8698011
12699726-0,1,GSM8698011
12700427-0,3,GSM8698011
12701575-0,8,GSM8698011
12703581-0,4,GSM8698011
12704703-0,9,GSM8698011
12704708-0,0,GSM8698011
12706251-0,5,GSM8698011
12706599-0,0,GSM8698011
12708137-0,8,GSM8698011
12710056-0,2,GSM8698011
12711234-0,1,GSM8698011
12711618-0,4,GSM8698011
12714718-0,8,GSM8698011
12715484-0,0,GSM8698011
12715868-0,8,GSM8698011
12716175-0,3,GSM8698011
12830301-0,2,GSM8698011
12835267-0,3,GSM8698011
12838282-0,10,GSM8698011
12839041-0,11,GSM8698011
12842131-0,1,GSM8698011
12842579-0,5,GSM8698011
12844504-0,1,GSM8698011
12845989-0,2,GSM8698011
12847563-0,12,GSM8698011
12849494-0,2,GSM8698011
12852883-0,0,GSM8698011
12852934-0,6,GSM8698011
12853281-0,3,GSM8698011
12854087-0,1,GSM8698011
12855995-0,4,GSM8698011
12857183-0,8,GSM8698011
12857498-0,6,GSM8698011
12859423-0,6,GSM8698011
12864030-0,13,GSM8698011
12864430-0,10,GSM8698011
12976210-0,10,GSM8698011
12976528-0,5,GSM8698011
12976545-0,6,GSM8698011
12976599-0,0,GSM8698011
12978489-0,1,GSM8698011
12983080-0,2,GSM8698011
12983880-0,2,GSM8698011
12984651-0,5,GSM8698011
12985790-0,0,GSM8698011
12991524-0,2,GSM8698011
12991951-0,4,GSM8698011
12992671-0,4,GSM8698011
12994627-0,5,GSM8698011
12998415-0,1,GSM8698011
12999264-0,0,GSM8698011
12999610-0,6,GSM8698011
13001880-0,10,GSM8698011
13003839-0,6,GSM8698011
13005738-0,0,GSM8698011
13005765-0,2,GSM8698011
13006129-0,1,GSM8698011
13006939-0,7,GSM8698011
13007659-0,6,GSM8698011
13007666-0,0,GSM8698011
13007677-0,11,GSM8698011
13008078-0,5,GSM8698011
13008388-0,0,GSM8698011
13009543-0,4,GSM8698011
13009622-0,10,GSM8698011
13011152-0,7,GSM8698011
13124036-0,9,GSM8698011
13125521-0,9,GSM8698011
13126282-0,1,GSM8698011
13127866-0,1,GSM8698011
13128199-0,7,GSM8698011
13131330-0,4,GSM8698011
13132067-0,0,GSM8698011
13132483-0,4,GSM8698011
13133214-0,11,GSM8698011
13134344-0,3,GSM8698011
13134724-0,9,GSM8698011
13134735-0,7,GSM8698011
13134779-0,3,GSM8698011
13135110-0,11,GSM8698011
13137870-0,6,GSM8698011
13139797-0,13,GSM8698011
13143621-0,8,GSM8698011
13145905-0,0,GSM8698011
13148967-0,7,GSM8698011
13152454-0,1,GSM8698011
13153195-0,11,GSM8698011
13153954-0,2,GSM8698011
13154365-0,3,GSM8698011
13155134-0,9,GSM8698011
13155933-0,4,GSM8698011
13156244-0,0,GSM8698011
13156246-0,13,GSM8698011
13157379-0,7,GSM8698011
13157771-0,5,GSM8698011
13158936-0,7,GSM8698011
13272652-0,11,GSM8698011
13274160-0,9,GSM8698011
13277260-0,3,GSM8698011
13277586-0,9,GSM8698011
13282202-0,3,GSM8698011
13283416-0,4,GSM8698011
13285711-0,9,GSM8698011
13286102-0,0,GSM8698011
13287171-0,5,GSM8698011
13288719-0,0,GSM8698011
13288776-0,0,GSM8698011
13289486-0,6,GSM8698011
13289523-0,2,GSM8698011
13290312-0,1,GSM8698011
13290674-0,3,GSM8698011
13290676-0,8,GSM8698011
13292255-0,5,GSM8698011
13292583-0,5,GSM8698011
13292979-0,4,GSM8698011
13294492-0,0,GSM8698011
13294535-0,0,GSM8698011
13294542-0,2,GSM8698011
13296083-0,3,GSM8698011
13298755-0,1,GSM8698011
13299145-0,0,GSM8698011
13300997-0,1,GSM8698011
13306833-0,5,GSM8698011
13307611-0,4,GSM8698011
13418970-0,9,GSM8698011
13418976-0,5,GSM8698011
13419704-0,0,GSM8698011
13420460-0,4,GSM8698011
13421251-0,2,GSM8698011
13421655-0,5,GSM8698011
13423491-0,5,GSM8698011
13424679-0,7,GSM8698011
13425823-0,5,GSM8698011
13428520-0,3,GSM8698011
13430091-0,8,GSM8698011
13434272-0,2,GSM8698011
13436619-0,1,GSM8698011
13438507-0,3,GSM8698011
13438870-0,2,GSM8698011
13441219-0,9,GSM8698011
13441997-0,5,GSM8698011
13444304-0,8,GSM8698011
13448876-0,7,GSM8698011
13449227-0,0,GSM8698011
13450783-0,8,GSM8698011
13451229-0,8,GSM8698011
13452734-0,1,GSM8698011
13453469-0,0,GSM8698011
13453892-0,11,GSM8698011
13567579-0,0,GSM8698011
13570233-0,1,GSM8698011
13571764-0,10,GSM8698011
13571794-0,1,GSM8698011
13572895-0,6,GSM8698011
13572948-0,1,GSM8698011
13573677-0,9,GSM8698011
13578265-0,6,GSM8698011
13579102-0,1,GSM8698011
13579790-0,10,GSM8698011
13580994-0,1,GSM8698011
13582155-0,2,GSM8698011
13584478-0,8,GSM8698011
13585161-0,11,GSM8698011
13586692-0,8,GSM8698011
13586705-0,4,GSM8698011
13587894-0,5,GSM8698011
13591348-0,6,GSM8698011
13593253-0,2,GSM8698011
13593273-0,0,GSM8698011
13593612-0,7,GSM8698011
13595186-0,5,GSM8698011
13595542-0,8,GSM8698011
13595983-0,3,GSM8698011
13597116-0,4,GSM8698011
13599364-0,11,GSM8698011
13599365-0,2,GSM8698011
13600594-0,2,GSM8698011
13602072-0,1,GSM8698011
13602439-0,7,GSM8698011
13602447-0,1,GSM8698011
13714570-0,9,GSM8698011
13714643-0,1,GSM8698011
13714955-0,5,GSM8698011
13718052-0,2,GSM8698011
13718089-0,7,GSM8698011
13719965-0,1,GSM8698011
13721909-0,6,GSM8698011
13723417-0,0,GSM8698011
13723424-0,10,GSM8698011
13724630-0,1,GSM8698011
13727684-0,2,GSM8698011
13731142-0,1,GSM8698011
13731467-0,4,GSM8698011
13731911-0,1,GSM8698011
13732307-0,7,GSM8698011
13733775-0,5,GSM8698011
13734552-0,7,GSM8698011
13734948-0,5,GSM8698011
13735380-0,12,GSM8698011
13737658-0,0,GSM8698011
13738834-0,4,GSM8698011
13743781-0,2,GSM8698011
13746125-0,0,GSM8698011
13860924-0,3,GSM8698011
13862473-0,11,GSM8698011
13862794-0,1,GSM8698011
13864030-0,2,GSM8698011
13864745-0,9,GSM8698011
13866686-0,8,GSM8698011
13872393-0,3,GSM8698011
13872459-0,0,GSM8698011
13877016-0,1,GSM8698011
13877833-0,6,GSM8698011
13879313-0,2,GSM8698011
13880512-0,2,GSM8698011
13885101-0,2,GSM8698011
13885875-0,5,GSM8698011
13886246-0,9,GSM8698011
13886273-0,0,GSM8698011
13890111-0,0,GSM8698011
13890494-0,9,GSM8698011
13891672-0,0,GSM8698011
13892412-0,0,GSM8698011
13893170-0,1,GSM8698011
13893209-0,0,GSM8698011
13896209-0,3,GSM8698011
14012579-0,1,GSM8698011
14012593-0,1,GSM8698011
14013320-0,5,GSM8698011
14013408-0,0,GSM8698011
14014132-0,1,GSM8698011
14014151-0,9,GSM8698011
14015712-0,9,GSM8698011
14016860-0,10,GSM8698011
14019100-0,0,GSM8698011
14021455-0,7,GSM8698011
14023767-0,0,GSM8698011
14024072-0,2,GSM8698011
14024890-0,3,GSM8698011
14024900-0,9,GSM8698011
14024913-0,7,GSM8698011
14025307-0,6,GSM8698011
14025645-0,8,GSM8698011
14028689-0,8,GSM8698011
14029505-0,3,GSM8698011
14029893-0,2,GSM8698011
14033683-0,1,GSM8698011
14035266-0,10,GSM8698011
14035983-0,1,GSM8698011
14036783-0,3,GSM8698011
14037568-0,0,GSM8698011
14037920-0,4,GSM8698011
14040984-0,2,GSM8698011
14041348-0,2,GSM8698011
14043653-0,6,GSM8698011
14044109-0,6,GSM8698011
14044116-0,12,GSM8698011
14044474-0,11,GSM8698011
