barcode,total_counts_mt,total_counts,n_genes_by_counts
9-0,0.0,4449.0,112
409-0,0.0,1744.0,68
2694-0,0.0,2278.0,91
2741-0,0.0,6974.0,103
4287-0,0.0,7376.0,118
4670-0,0.0,27001.0,165
4682-0,0.0,14235.0,79
5442-0,0.0,6830.0,103
6226-0,0.0,2807.0,74
6611-0,0.0,3854.0,115
9279-0,0.0,3396.0,122
10056-0,0.0,14210.0,106
14270-0,0.0,4577.0,121
16524-0,0.0,3647.0,94
18839-0,0.0,4100.0,118
20061-0,0.0,4968.0,111
22708-0,0.0,11718.0,151
23445-0,0.0,3483.0,78
23852-0,0.0,2847.0,116
23898-0,0.0,2049.0,111
24665-0,0.0,3940.0,69
25015-0,0.0,8836.0,87
26967-0,0.0,13164.0,121
28803-0,0.0,2497.0,88
30385-0,0.0,8740.0,100
31922-0,0.0,2090.0,133
33794-0,0.0,11025.0,102
35019-0,0.0,644.0,71
36496-0,0.0,4900.0,98
149830-0,0.0,11102.0,98
152480-0,0.0,9615.0,128
152877-0,0.0,11256.0,71
155147-0,0.0,12601.0,105
155223-0,0.0,7031.0,102
157913-0,0.0,6108.0,115
158612-0,0.0,6515.0,103
158688-0,0.0,3648.0,128
160952-0,0.0,2320.0,72
162527-0,0.0,10148.0,110
164741-0,0.0,4913.0,116
165568-0,0.0,3031.0,77
165929-0,0.0,23486.0,81
165954-0,0.0,4116.0,129
169435-0,0.0,13711.0,75
169817-0,0.0,8374.0,122
172458-0,0.0,17610.0,92
172888-0,0.0,8358.0,78
174781-0,0.0,6703.0,122
175186-0,0.0,2741.0,83
178252-0,0.0,1600.0,102
178947-0,0.0,6195.0,101
180098-0,0.0,1194.0,84
181315-0,0.0,6299.0,130
182453-0,0.0,1065.0,66
295311-0,0.0,3565.0,69
295717-0,0.0,4850.0,81
296139-0,0.0,4319.0,128
296918-0,0.0,3561.0,116
297632-0,0.0,8824.0,96
299528-0,0.0,9838.0,74
299577-0,0.0,8613.0,101
301483-0,0.0,4856.0,117
301861-0,0.0,7077.0,76
301875-0,0.0,4097.0,76
303064-0,0.0,4956.0,76
303766-0,0.0,3843.0,108
303802-0,0.0,6213.0,78
305315-0,0.0,904.0,69
308789-0,0.0,6844.0,116
309526-0,0.0,9020.0,129
309566-0,0.0,18033.0,110
312278-0,0.0,1710.0,98
313408-0,0.0,228.0,31
313744-0,0.0,9279.0,73
314143-0,0.0,4665.0,119
314146-0,0.0,5950.0,97
316491-0,0.0,4321.0,96
317584-0,0.0,10248.0,83
317964-0,0.0,1530.0,68
319923-0,0.0,4972.0,120
319930-0,0.0,3071.0,78
323002-0,0.0,5770.0,99
323362-0,0.0,4219.0,81
324877-0,0.0,4593.0,110
327191-0,0.0,5377.0,125
328394-0,0.0,3810.0,72
442782-0,0.0,793.0,82
442783-0,0.0,5581.0,114
443209-0,0.0,29300.0,107
447410-0,0.0,4540.0,112
447425-0,0.0,5030.0,123
447835-0,0.0,12659.0,114
448203-0,0.0,6852.0,128
449677-0,0.0,7716.0,68
452040-0,0.0,12748.0,101
452365-0,0.0,2959.0,117
452790-0,0.0,1692.0,75
462403-0,0.0,7717.0,76
464652-0,0.0,13484.0,87
467770-0,0.0,3894.0,105
470817-0,0.0,6076.0,72
590986-0,0.0,4152.0,126
591790-0,0.0,4582.0,80
591800-0,0.0,5488.0,118
592145-0,0.0,9655.0,118
594128-0,0.0,3138.0,112
595215-0,0.0,3795.0,138
596428-0,0.0,31933.0,126
597907-0,0.0,4596.0,117
598314-0,0.0,5912.0,101
599067-0,0.0,14293.0,126
599879-0,0.0,1712.0,116
600624-0,0.0,6267.0,83
600970-0,0.0,7113.0,71
603305-0,0.0,3623.0,68
607930-0,0.0,6159.0,86
609446-0,0.0,4366.0,140
611352-0,0.0,5081.0,82
614787-0,0.0,1453.0,80
616372-0,0.0,10379.0,76
616767-0,0.0,5284.0,118
617880-0,0.0,5321.0,129
618272-0,0.0,5777.0,63
619454-0,0.0,2055.0,109
620574-0,0.0,14064.0,93
620994-0,0.0,3951.0,85
622873-0,0.0,7144.0,94
622923-0,0.0,6686.0,128
623265-0,0.0,12073.0,102
625231-0,0.0,4383.0,103
625561-0,0.0,904.0,46
625625-0,0.0,6473.0,124
625922-0,0.0,2591.0,77
626322-0,0.0,1486.0,114
738868-0,0.0,5118.0,125
738883-0,0.0,4279.0,108
739661-0,0.0,4663.0,117
739671-0,0.0,25956.0,119
740438-0,0.0,1222.0,80
741143-0,0.0,7623.0,63
741540-0,0.0,2590.0,120
741596-0,0.0,8084.0,79
741904-0,0.0,19234.0,93
743482-0,0.0,6573.0,69
745007-0,0.0,2568.0,106
747335-0,0.0,7642.0,69
747662-0,0.0,5229.0,104
748421-0,0.0,9373.0,70
749634-0,0.0,6046.0,82
750730-0,0.0,6504.0,124
751917-0,0.0,5853.0,115
753468-0,0.0,1313.0,89
753832-0,0.0,10047.0,128
755782-0,0.0,3767.0,80
756483-0,0.0,5116.0,98
760326-0,0.0,7191.0,97
763840-0,0.0,3160.0,80
766509-0,0.0,5200.0,79
769941-0,0.0,6613.0,115
770320-0,0.0,1679.0,99
771106-0,0.0,10202.0,77
771114-0,0.0,7641.0,95
771504-0,0.0,4353.0,70
886696-0,0.0,6317.0,103
887089-0,0.0,4912.0,116
887090-0,0.0,10045.0,130
887491-0,0.0,10612.0,73
887857-0,0.0,3719.0,110
890906-0,0.0,3787.0,92
892824-0,0.0,2476.0,100
895161-0,0.0,2182.0,84
896259-0,0.0,5216.0,120
896332-0,0.0,9798.0,125
897467-0,0.0,4597.0,91
898580-0,0.0,3497.0,68
898990-0,0.0,5027.0,119
899765-0,0.0,7174.0,67
900919-0,0.0,8013.0,76
903984-0,0.0,2157.0,81
904783-0,0.0,9301.0,155
906633-0,0.0,9669.0,68
910505-0,0.0,4314.0,80
911271-0,0.0,5172.0,69
913614-0,0.0,9432.0,124
915853-0,0.0,7729.0,107
917417-0,0.0,5707.0,88
917432-0,0.0,2180.0,87
920149-0,0.0,2929.0,100
920505-0,0.0,7950.0,109
921245-0,0.0,9330.0,89
1033049-0,0.0,3737.0,87
1033746-0,0.0,5076.0,126
1035324-0,0.0,7433.0,84
1035720-0,0.0,4523.0,82
1036861-0,0.0,1921.0,120
1037269-0,0.0,3920.0,77
1039539-0,0.0,743.0,76
1043353-0,0.0,14594.0,71
1043356-0,0.0,12441.0,73
1044536-0,0.0,3424.0,68
1045657-0,0.0,7329.0,80
1046445-0,0.0,4936.0,92
1047998-0,0.0,4292.0,101
1048004-0,0.0,6614.0,78
1050271-0,0.0,2597.0,80
1053774-0,0.0,2458.0,96
1055622-0,0.0,8798.0,85
1056387-0,0.0,7788.0,81
1057192-0,0.0,12234.0,102
1058002-0,0.0,6606.0,80
1059163-0,0.0,30416.0,102
1060647-0,0.0,4252.0,117
1060656-0,0.0,5336.0,119
1061084-0,0.0,1957.0,85
1061441-0,0.0,4104.0,112
1061765-0,0.0,16716.0,112
1065262-0,0.0,2107.0,74
1066831-0,0.0,11479.0,136
1068368-0,0.0,6543.0,118
1179702-0,0.0,447.0,57
1183577-0,0.0,40161.0,85
1185088-0,0.0,13385.0,114
1185431-0,0.0,6396.0,84
1185468-0,0.0,10077.0,68
1186607-0,0.0,2769.0,58
1186950-0,0.0,6335.0,118
1187003-0,0.0,5148.0,77
1190838-0,0.0,639.0,53
1191979-0,0.0,4039.0,86
1193089-0,0.0,5438.0,114
1196229-0,0.0,11071.0,83
1197704-0,0.0,6845.0,99
1198163-0,0.0,7293.0,91
1208865-0,0.0,12170.0,114
1209250-0,0.0,30317.0,155
1209622-0,0.0,10721.0,114
1209645-0,0.0,1001.0,50
1210019-0,0.0,2232.0,74
1211167-0,0.0,5900.0,75
1211228-0,0.0,6119.0,121
1211910-0,0.0,1162.0,104
1212731-0,0.0,1304.0,71
1214304-0,0.0,3368.0,75
1215833-0,0.0,3516.0,115
1328294-0,0.0,1953.0,82
1329106-0,0.0,1802.0,72
1329113-0,0.0,5948.0,72
1329473-0,0.0,717.0,101
1329816-0,0.0,3699.0,98
1330594-0,0.0,1951.0,61
1330956-0,0.0,5029.0,120
1330967-0,0.0,6521.0,97
1331024-0,0.0,3554.0,79
1331392-0,0.0,8032.0,79
1332568-0,0.0,4316.0,88
1332884-0,0.0,10170.0,76
1333663-0,0.0,5055.0,132
1334486-0,0.0,4913.0,124
1334829-0,0.0,6278.0,125
1337158-0,0.0,5635.0,127
1338659-0,0.0,5023.0,125
1339820-0,0.0,8133.0,77
1340201-0,0.0,6427.0,126
1340229-0,0.0,3218.0,91
1340633-0,0.0,7468.0,120
1340638-0,0.0,11751.0,93
1341004-0,0.0,5664.0,114
1341739-0,0.0,7273.0,114
1342090-0,0.0,9293.0,80
1342133-0,0.0,6923.0,139
1342890-0,0.0,4875.0,89
1344809-0,0.0,4446.0,107
1345970-0,0.0,9877.0,83
1346745-0,0.0,9290.0,79
1347075-0,0.0,4938.0,98
1347913-0,0.0,2987.0,70
1350202-0,0.0,14077.0,78
1351703-0,0.0,1508.0,74
1354764-0,0.0,1964.0,128
1356302-0,0.0,7400.0,109
1356687-0,0.0,3303.0,126
1357524-0,0.0,5750.0,137
1360572-0,0.0,5689.0,128
1362087-0,0.0,3461.0,88
1476943-0,0.0,18774.0,113
1478024-0,0.0,1808.0,57
1479630-0,0.0,4258.0,88
1481521-0,0.0,2882.0,90
1482302-0,0.0,6518.0,69
1482627-0,0.0,15010.0,114
1484567-0,0.0,1498.0,69
1484985-0,0.0,6555.0,95
1487317-0,0.0,2772.0,127
1489203-0,0.0,4046.0,117
1489561-0,0.0,11102.0,66
1489952-0,0.0,4329.0,115
1490353-0,0.0,2850.0,71
1491500-0,0.0,7105.0,118
1492684-0,0.0,990.0,37
1494566-0,0.0,2252.0,125
1497269-0,0.0,2572.0,125
1502623-0,0.0,8046.0,106
1504901-0,0.0,7066.0,123
1505333-0,0.0,6975.0,120
1505352-0,0.0,7213.0,120
1506127-0,0.0,2625.0,110
1506864-0,0.0,2100.0,117
1507263-0,0.0,3531.0,90
1507644-0,0.0,12759.0,105
1507665-0,0.0,3628.0,68
1508023-0,0.0,3468.0,66
1509167-0,0.0,9112.0,71
1510691-0,0.0,9342.0,131
1624321-0,0.0,9005.0,82
1625535-0,0.0,8764.0,97
1626662-0,0.0,9655.0,110
1626670-0,0.0,6895.0,127
1629339-0,0.0,12203.0,112
1632003-0,0.0,6035.0,112
1632387-0,0.0,32609.0,102
1632431-0,0.0,4737.0,97
1634340-0,0.0,7935.0,123
1635860-0,0.0,7552.0,57
1639358-0,0.0,18602.0,113
1639697-0,0.0,16823.0,148
1640148-0,0.0,5264.0,68
1643990-0,0.0,2185.0,85
1644707-0,0.0,3928.0,90
1646632-0,0.0,1627.0,139
1646658-0,0.0,3795.0,87
1647014-0,0.0,8438.0,118
1647812-0,0.0,6946.0,122
1648153-0,0.0,9225.0,128
1648172-0,0.0,4272.0,85
1651603-0,0.0,7016.0,123
1653179-0,0.0,1554.0,127
1656613-0,0.0,3290.0,97
1657802-0,0.0,14189.0,91
1658113-0,0.0,4182.0,85
1658131-0,0.0,7754.0,111
1770701-0,0.0,3969.0,136
1773313-0,0.0,3651.0,108
1779100-0,0.0,11778.0,111
1779866-0,0.0,6699.0,82
1780249-0,0.0,19715.0,115
1785246-0,0.0,2511.0,124
1785311-0,0.0,1166.0,109
1788701-0,0.0,4675.0,131
1788725-0,0.0,5896.0,107
1789094-0,0.0,5761.0,65
1793319-0,0.0,1648.0,107
1793322-0,0.0,18870.0,140
1793728-0,0.0,18154.0,120
1794123-0,0.0,4250.0,65
1795251-0,0.0,2384.0,117
1795255-0,0.0,32896.0,121
1796013-0,0.0,8761.0,82
1796432-0,0.0,1919.0,99
1796743-0,0.0,8292.0,90
1797154-0,0.0,4272.0,80
1797954-0,0.0,2767.0,85
1797977-0,0.0,2974.0,107
1798713-0,0.0,4080.0,99
1798730-0,0.0,8356.0,86
1799091-0,0.0,1887.0,97
1800987-0,0.0,10765.0,80
1801383-0,0.0,2928.0,112
1804084-0,0.0,9009.0,113
1805606-0,0.0,1917.0,85
1805991-0,0.0,6265.0,123
1917396-0,0.0,2205.0,113
1917772-0,0.0,9917.0,74
1918494-0,0.0,2204.0,118
1918913-0,0.0,11613.0,83
1919274-0,0.0,2973.0,86
1925020-0,0.0,4976.0,65
1926615-0,0.0,6839.0,98
1927391-0,0.0,8641.0,90
1928859-0,0.0,8326.0,114
1931155-0,0.0,3983.0,110
1931564-0,0.0,11115.0,67
1931567-0,0.0,3031.0,105
1933508-0,0.0,3288.0,133
1935437-0,0.0,11938.0,79
1936172-0,0.0,1522.0,104
1936204-0,0.0,496.0,93
1937731-0,0.0,8283.0,67
1938051-0,0.0,6260.0,70
1941517-0,0.0,9281.0,74
1942324-0,0.0,3471.0,99
1943085-0,0.0,7865.0,86
1943818-0,0.0,6854.0,114
1944636-0,0.0,2040.0,110
1945749-0,0.0,2580.0,74
1946919-0,0.0,12835.0,84
1947710-0,0.0,11195.0,69
1948803-0,0.0,5536.0,117
1950382-0,0.0,3362.0,124
1950395-0,0.0,3165.0,70
1951491-0,0.0,10909.0,78
1951528-0,0.0,9789.0,66
1952306-0,0.0,5473.0,89
2064797-0,0.0,6143.0,106
2065237-0,0.0,1750.0,114
2065978-0,0.0,4591.0,66
2067090-0,0.0,8254.0,125
2067881-0,0.0,6923.0,87
2072928-0,0.0,3923.0,102
2073235-0,0.0,7294.0,114
2075167-0,0.0,5684.0,112
2075597-0,0.0,2285.0,103
2078601-0,0.0,2698.0,81
2079069-0,0.0,9990.0,79
2082818-0,0.0,19050.0,159
2086285-0,0.0,2957.0,78
2086321-0,0.0,23441.0,98
2091729-0,0.0,2456.0,116
2094009-0,0.0,8441.0,113
2095172-0,0.0,8984.0,108
2096729-0,0.0,7590.0,115
2097488-0,0.0,3500.0,120
2098201-0,0.0,6635.0,111
2212271-0,0.0,3603.0,96
2214992-0,0.0,12165.0,70
2218836-0,0.0,7433.0,136
2219569-0,0.0,407.0,62
2219945-0,0.0,20045.0,122
2220350-0,0.0,3761.0,68
2221077-0,0.0,1917.0,83
2221121-0,0.0,5914.0,125
2221534-0,0.0,1364.0,76
2223025-0,0.0,14305.0,117
2225699-0,0.0,15201.0,137
2225702-0,0.0,5916.0,96
2226524-0,0.0,6588.0,115
2227293-0,0.0,3642.0,125
2228781-0,0.0,2272.0,88
2229143-0,0.0,4924.0,62
2229522-0,0.0,3820.0,106
2229594-0,0.0,10193.0,71
2229965-0,0.0,1215.0,89
2233000-0,0.0,11992.0,106
2234139-0,0.0,6228.0,127
2234902-0,0.0,4778.0,126
2235351-0,0.0,14484.0,129
2237591-0,0.0,3008.0,104
2241794-0,0.0,12600.0,133
2243799-0,0.0,2652.0,67
2245657-0,0.0,6712.0,92
2245702-0,0.0,1792.0,81
2360914-0,0.0,5666.0,90
2362070-0,0.0,6584.0,84
2363192-0,0.0,12719.0,124
2366211-0,0.0,7607.0,124
2368979-0,0.0,8325.0,119
2369355-0,0.0,4089.0,116
2370520-0,0.0,4872.0,70
2370871-0,0.0,2315.0,105
2372004-0,0.0,4864.0,80
2373573-0,0.0,1961.0,86
2375045-0,0.0,8838.0,95
2376584-0,0.0,8866.0,78
2377431-0,0.0,15342.0,122
2377730-0,0.0,7400.0,115
2377731-0,0.0,5731.0,74
2378898-0,0.0,5106.0,86
2381998-0,0.0,5064.0,116
2383160-0,0.0,2201.0,111
2385426-0,0.0,2082.0,95
2386622-0,0.0,1984.0,77
2388191-0,0.0,12839.0,121
2389289-0,0.0,10526.0,65
2389635-0,0.0,4097.0,123
2390451-0,0.0,2179.0,98
2390868-0,0.0,10571.0,115
2394303-0,0.0,6535.0,85
2395810-0,0.0,2443.0,90
2506761-0,0.0,4482.0,105
2506808-0,0.0,4086.0,102
2507191-0,0.0,9918.0,71
2510994-0,0.0,5830.0,126
2512541-0,0.0,5564.0,128
2514510-0,0.0,7443.0,91
2514515-0,0.0,3605.0,84
2514842-0,0.0,5310.0,71
2514898-0,0.0,14067.0,126
2514906-0,0.0,9564.0,69
2515259-0,0.0,6047.0,126
2515665-0,0.0,10177.0,100
2520245-0,0.0,4221.0,98
2520260-0,0.0,10575.0,73
2520618-0,0.0,2991.0,122
2521771-0,0.0,9986.0,121
2523660-0,0.0,3018.0,119
2525622-0,0.0,75295.0,84
2526432-0,0.0,8680.0,75
2526748-0,0.0,4266.0,98
2527498-0,0.0,4425.0,68
2528731-0,0.0,2399.0,115
2530218-0,0.0,4671.0,67
2530638-0,0.0,8779.0,123
2531338-0,0.0,8782.0,113
2531747-0,0.0,6451.0,71
2532560-0,0.0,3150.0,111
2532887-0,0.0,819.0,31
2533269-0,0.0,2898.0,82
2534452-0,0.0,8203.0,68
2537119-0,0.0,6323.0,123
2539787-0,0.0,4474.0,94
2540623-0,0.0,7342.0,100
2654233-0,0.0,3020.0,72
2655376-0,0.0,3955.0,111
2655422-0,0.0,1723.0,73
2657319-0,0.0,8479.0,113
2660790-0,0.0,18601.0,70
2661519-0,0.0,5351.0,107
2662751-0,0.0,964.0,102
2664992-0,0.0,7744.0,128
2665779-0,0.0,9482.0,127
2666916-0,0.0,2364.0,74
2667725-0,0.0,4533.0,68
2668078-0,0.0,12571.0,83
2668101-0,0.0,3659.0,122
2668451-0,0.0,4943.0,106
2668891-0,0.0,1528.0,90
2670742-0,0.0,3748.0,98
2672305-0,0.0,13968.0,168
2672719-0,0.0,3816.0,111
2673885-0,0.0,14160.0,68
2676867-0,0.0,1510.0,98
2678437-0,0.0,5383.0,124
2679248-0,0.0,7584.0,129
2679252-0,0.0,8768.0,118
2680743-0,0.0,13005.0,78
2681102-0,0.0,16015.0,118
2681113-0,0.0,3813.0,98
2683455-0,0.0,5228.0,72
2684552-0,0.0,2699.0,124
2684623-0,0.0,6045.0,120
2685325-0,0.0,24686.0,68
2687702-0,0.0,3902.0,132
2689201-0,0.0,3541.0,85
2689931-0,0.0,8748.0,121
2804039-0,0.0,1421.0,104
2804355-0,0.0,16564.0,129
2804753-0,0.0,4421.0,120
2805145-0,0.0,1488.0,70
2805179-0,0.0,4720.0,116
2805181-0,0.0,6821.0,88
2807447-0,0.0,5510.0,70
2809397-0,0.0,6511.0,75
2809783-0,0.0,3642.0,121
2809817-0,0.0,16970.0,74
2810554-0,0.0,351.0,56
2811331-0,0.0,5451.0,86
2811348-0,0.0,3411.0,81
2812496-0,0.0,8621.0,118
2813631-0,0.0,7897.0,68
2814037-0,0.0,1299.0,70
2816676-0,0.0,8194.0,73
2817821-0,0.0,4816.0,75
2827023-0,0.0,1865.0,124
2827033-0,0.0,848.0,65
2827796-0,0.0,804.0,74
2831261-0,0.0,9775.0,75
2831307-0,0.0,3836.0,110
2831696-0,0.0,5494.0,112
2833188-0,0.0,4484.0,85
2833569-0,0.0,5404.0,96
2834338-0,0.0,7761.0,116
2836701-0,0.0,4958.0,112
2838202-0,0.0,13892.0,79
2949146-0,0.0,8767.0,96
2949551-0,0.0,1801.0,107
2949598-0,0.0,1176.0,83
2950314-0,0.0,9385.0,65
2951863-0,0.0,7004.0,117
2951886-0,0.0,1461.0,112
2951888-0,0.0,7295.0,69
2953733-0,0.0,10354.0,61
2953824-0,0.0,10372.0,114
2954973-0,0.0,4839.0,128
2955307-0,0.0,8311.0,123
2958768-0,0.0,10405.0,75
2959148-0,0.0,1773.0,70
2959174-0,0.0,6828.0,92
2960258-0,0.0,1982.0,87
2962631-0,0.0,6138.0,120
2966853-0,0.0,942.0,84
2967212-0,0.0,2962.0,92
2967259-0,0.0,4677.0,120
2968799-0,0.0,9054.0,88
2971815-0,0.0,24138.0,136
2972991-0,0.0,6363.0,114
2973768-0,0.0,4671.0,90
2974124-0,0.0,2720.0,88
2974135-0,0.0,2816.0,91
2976857-0,0.0,1883.0,70
2977618-0,0.0,5815.0,71
2981774-0,0.0,2123.0,103
3098536-0,0.0,7278.0,121
3099316-0,0.0,3341.0,104
3102008-0,0.0,2516.0,90
3103170-0,0.0,4771.0,106
3107016-0,0.0,1115.0,84
3108180-0,0.0,7742.0,107
3109286-0,0.0,3520.0,77
3110043-0,0.0,1947.0,112
3118176-0,0.0,9882.0,87
3118864-0,0.0,6331.0,96
3120796-0,0.0,1446.0,82
3124226-0,0.0,20057.0,126
3129650-0,0.0,4675.0,113
3131183-0,0.0,8450.0,90
3131569-0,0.0,7121.0,75
3244050-0,0.0,7553.0,128
3244440-0,0.0,20478.0,129
3247107-0,0.0,5867.0,66
3248701-0,0.0,7980.0,118
3249498-0,0.0,17937.0,117
3250583-0,0.0,4247.0,88
3251368-0,0.0,3270.0,96
3251760-0,0.0,2412.0,117
3253278-0,0.0,7893.0,85
3253670-0,0.0,10880.0,100
3254019-0,0.0,2441.0,108
3254463-0,0.0,9733.0,106
3255598-0,0.0,10624.0,77
3258688-0,0.0,3417.0,108
3260228-0,0.0,5146.0,110
3260604-0,0.0,10133.0,116
3261365-0,0.0,1971.0,118
3261734-0,0.0,12098.0,114
3263627-0,0.0,11348.0,84
3263642-0,0.0,3508.0,113
3265242-0,0.0,12560.0,88
3267090-0,0.0,12114.0,102
3267498-0,0.0,7109.0,99
3269800-0,0.0,7683.0,100
3274392-0,0.0,5288.0,123
3275543-0,0.0,781.0,35
3277914-0,0.0,4678.0,113
3279044-0,0.0,4127.0,105
3279815-0,0.0,5350.0,119
3393119-0,0.0,14853.0,122
3395750-0,0.0,2961.0,96
3396508-0,0.0,5733.0,126
3397276-0,0.0,7717.0,88
3397337-0,0.0,3718.0,108
3397342-0,0.0,4570.0,94
3397670-0,0.0,2762.0,146
3399210-0,0.0,1590.0,85
3400334-0,0.0,780.0,66
3400757-0,0.0,2661.0,120
3404616-0,0.0,6782.0,109
3404636-0,0.0,4037.0,111
3406146-0,0.0,9575.0,86
3408029-0,0.0,6380.0,87
3409209-0,0.0,1624.0,93
3413422-0,0.0,12537.0,76
3413449-0,0.0,6109.0,66
3414936-0,0.0,8060.0,132
3415695-0,0.0,9039.0,128
3416474-0,0.0,10262.0,75
3416886-0,0.0,12271.0,129
3416894-0,0.0,6922.0,98
3416907-0,0.0,3242.0,97
3417626-0,0.0,6755.0,119
3418772-0,0.0,5451.0,113
3420329-0,0.0,2815.0,87
3420728-0,0.0,5109.0,97
3423363-0,0.0,10240.0,84
3424596-0,0.0,5264.0,124
3426073-0,0.0,4475.0,76
3426517-0,0.0,1839.0,90
3426862-0,0.0,2360.0,102
3426876-0,0.0,5215.0,132
3543264-0,0.0,1575.0,56
3544327-0,0.0,2985.0,92
3544776-0,0.0,5999.0,120
3545923-0,0.0,4272.0,79
3549340-0,0.0,17105.0,83
3551622-0,0.0,3382.0,100
3553576-0,0.0,24900.0,134
3555492-0,0.0,4659.0,88
3556285-0,0.0,8438.0,76
3558173-0,0.0,7403.0,116
3559364-0,0.0,5443.0,62
3559750-0,0.0,7795.0,85
3560133-0,0.0,2038.0,82
3562769-0,0.0,15257.0,115
3563615-0,0.0,11829.0,106
3563961-0,0.0,1760.0,84
3564307-0,0.0,6256.0,132
3564724-0,0.0,6058.0,113
3567835-0,0.0,7864.0,139
3568147-0,0.0,8802.0,123
3568554-0,0.0,9358.0,79
3570848-0,0.0,9320.0,83
3571989-0,0.0,1619.0,76
3573893-0,0.0,4455.0,107
3574278-0,0.0,2275.0,74
3686475-0,0.0,10352.0,66
3688788-0,0.0,3339.0,78
3689897-0,0.0,8301.0,88
3692226-0,0.0,6069.0,94
3694521-0,0.0,2990.0,64
3694559-0,0.0,13038.0,93
3694933-0,0.0,2533.0,94
3696081-0,0.0,1898.0,89
3696814-0,0.0,6086.0,99
3700670-0,0.0,1097.0,70
3701017-0,0.0,13932.0,129
3701052-0,0.0,6321.0,120
3701400-0,0.0,7798.0,78
3701855-0,0.0,2479.0,98
3702151-0,0.0,8828.0,117
3702173-0,0.0,3488.0,98
3707604-0,0.0,2478.0,112
3711021-0,0.0,8359.0,123
3711032-0,0.0,11694.0,67
3711381-0,0.0,6432.0,38
3712599-0,0.0,7218.0,105
3713282-0,0.0,6216.0,96
3716411-0,0.0,2551.0,71
3717898-0,0.0,3103.0,124
3718357-0,0.0,18251.0,114
3719047-0,0.0,7321.0,61
3719050-0,0.0,1410.0,89
3719477-0,0.0,6959.0,88
3720254-0,0.0,7065.0,79
3722505-0,0.0,8946.0,63
3722565-0,0.0,345.0,39
3834287-0,0.0,5381.0,119
3838915-0,0.0,10529.0,74
3844281-0,0.0,8531.0,69
3845007-0,0.0,7297.0,118
3847721-0,0.0,4847.0,72
3848153-0,0.0,6491.0,104
3848895-0,0.0,3244.0,119
3848924-0,0.0,4991.0,121
3850420-0,0.0,4198.0,79
3851189-0,0.0,6414.0,109
3853058-0,0.0,13683.0,94
3853495-0,0.0,5547.0,121
3854232-0,0.0,3872.0,83
3857694-0,0.0,6234.0,65
3858118-0,0.0,5385.0,115
3859607-0,0.0,3726.0,115
3862742-0,0.0,7783.0,100
3867687-0,0.0,11494.0,98
3868824-0,0.0,11895.0,61
3868879-0,0.0,4432.0,114
3869263-0,0.0,2346.0,123
3984002-0,0.0,8175.0,131
3984827-0,0.0,2606.0,91
3985204-0,0.0,11635.0,77
3986329-0,0.0,5746.0,80
3989052-0,0.0,5949.0,66
3991722-0,0.0,23677.0,106
3992094-0,0.0,14387.0,137
3992159-0,0.0,3282.0,109
3992536-0,0.0,7493.0,127
3994387-0,0.0,9602.0,86
3994425-0,0.0,1751.0,83
3994803-0,0.0,5354.0,112
3996703-0,0.0,2156.0,87
3996767-0,0.0,1968.0,68
4000969-0,0.0,8214.0,97
4001321-0,0.0,8456.0,119
4001335-0,0.0,7389.0,131
4001374-0,0.0,1369.0,57
4002439-0,0.0,8888.0,113
4003262-0,0.0,3148.0,77
4003611-0,0.0,5973.0,89
4003663-0,0.0,3010.0,67
4004443-0,0.0,7840.0,111
4007867-0,0.0,7358.0,113
4008243-0,0.0,4697.0,58
4010886-0,0.0,1643.0,113
4012431-0,0.0,1140.0,67
4017462-0,0.0,3194.0,87
4129949-0,0.0,6612.0,63
4132225-0,0.0,944.0,75
4132289-0,0.0,2110.0,111
4135728-0,0.0,12369.0,113
4136513-0,0.0,1515.0,62
4136886-0,0.0,5257.0,123
4138757-0,0.0,4858.0,85
4139191-0,0.0,1860.0,130
4141065-0,0.0,2466.0,114
4141836-0,0.0,12231.0,71
4145758-0,0.0,11200.0,81
4146060-0,0.0,8345.0,86
4147643-0,0.0,2106.0,63
4160335-0,0.0,13015.0,113
4161865-0,0.0,1153.0,96
4164189-0,0.0,18343.0,142
4165273-0,0.0,5202.0,120
4276699-0,0.0,10741.0,84
4277406-0,0.0,3429.0,92
4278613-0,0.0,2378.0,69
4279303-0,0.0,2522.0,75
4279774-0,0.0,1277.0,88
4280131-0,0.0,11261.0,84
4280451-0,0.0,7297.0,84
4284740-0,0.0,7439.0,73
4285857-0,0.0,5252.0,101
4293889-0,0.0,7473.0,83
4295098-0,0.0,3699.0,120
4295099-0,0.0,1168.0,61
4295432-0,0.0,7721.0,75
4295859-0,0.0,3099.0,81
4295885-0,0.0,1495.0,92
4298180-0,0.0,5685.0,115
4299673-0,0.0,7803.0,110
4300058-0,0.0,5080.0,117
4300458-0,0.0,2772.0,96
4300467-0,0.0,4827.0,69
4301658-0,0.0,9961.0,102
4302347-0,0.0,7173.0,123
4304735-0,0.0,4559.0,58
4305826-0,0.0,7955.0,100
4306972-0,0.0,7365.0,89
4307409-0,0.0,6605.0,81
4307808-0,0.0,8668.0,65
4309284-0,0.0,12376.0,125
4309651-0,0.0,5258.0,64
4311197-0,0.0,6187.0,104
4423694-0,0.0,3176.0,108
4425637-0,0.0,14400.0,101
4426075-0,0.0,5009.0,107
4429129-0,0.0,6015.0,79
4430221-0,0.0,6482.0,111
4431060-0,0.0,9216.0,74
4434104-0,0.0,10713.0,115
4435598-0,0.0,1947.0,64
4435608-0,0.0,4545.0,116
4436786-0,0.0,2415.0,74
4437579-0,0.0,5487.0,85
4441767-0,0.0,1972.0,117
4442136-0,0.0,7631.0,74
4443342-0,0.0,5058.0,95
4444473-0,0.0,8192.0,56
4446367-0,0.0,3306.0,122
4446797-0,0.0,8136.0,118
4451759-0,0.0,4406.0,87
4452166-0,0.0,7508.0,122
4452933-0,0.0,3044.0,81
4453252-0,0.0,1453.0,91
4454480-0,0.0,2590.0,114
4456755-0,0.0,2964.0,74
4457505-0,0.0,3249.0,91
4457562-0,0.0,5423.0,98
4571610-0,0.0,6653.0,119
4571934-0,0.0,22924.0,91
4571941-0,0.0,8508.0,114
4571998-0,0.0,17491.0,103
4573523-0,0.0,1633.0,68
4576549-0,0.0,7157.0,89
4578105-0,0.0,736.0,64
4584282-0,0.0,3046.0,75
4586941-0,0.0,3746.0,60
4587685-0,0.0,2166.0,105
4590386-0,0.0,2817.0,102
4590418-0,0.0,3442.0,116
4590732-0,0.0,159.0,63
4592280-0,0.0,5607.0,116
4595001-0,0.0,4252.0,112
4596151-0,0.0,5499.0,88
4598819-0,0.0,6619.0,100
4599942-0,0.0,1771.0,118
4600383-0,0.0,4630.0,93
4601180-0,0.0,43034.0,101
4601943-0,0.0,10010.0,112
4602299-0,0.0,2587.0,103
4603093-0,0.0,7454.0,68
4603807-0,0.0,4806.0,75
4606483-0,0.0,8110.0,72
4607638-0,0.0,2744.0,55
4722457-0,0.0,9254.0,118
4722469-0,0.0,5105.0,114
4724064-0,0.0,6487.0,67
4724394-0,0.0,5033.0,107
4724784-0,0.0,5191.0,120
4725162-0,0.0,3525.0,99
4725891-0,0.0,4391.0,118
4735887-0,0.0,3553.0,74
4737062-0,0.0,3911.0,94
4737807-0,0.0,5291.0,109
4740167-0,0.0,2677.0,111
4740922-0,0.0,16981.0,102
4742406-0,0.0,4128.0,110
4744410-0,0.0,4886.0,114
4746679-0,0.0,3060.0,74
4747845-0,0.0,7829.0,100
4749404-0,0.0,6770.0,125
4749708-0,0.0,3545.0,122
4749725-0,0.0,4284.0,101
4752085-0,0.0,1726.0,100
4752395-0,0.0,7933.0,76
4752780-0,0.0,7356.0,117
4866453-0,0.0,6036.0,67
4870330-0,0.0,4596.0,111
4871109-0,0.0,5197.0,81
4874135-0,0.0,6038.0,83
4875722-0,0.0,13217.0,77
4876436-0,0.0,6701.0,127
4881812-0,0.0,14321.0,79
4884155-0,0.0,12172.0,81
4884880-0,0.0,5156.0,111
4885679-0,0.0,8008.0,124
4888401-0,0.0,2165.0,112
4888407-0,0.0,10456.0,130
4888748-0,0.0,3317.0,111
4888756-0,0.0,4537.0,117
4889917-0,0.0,4735.0,103
4892619-0,0.0,8264.0,73
4894091-0,0.0,15635.0,156
4894537-0,0.0,6868.0,75
4895666-0,0.0,2937.0,102
4896387-0,0.0,12002.0,101
4897586-0,0.0,1845.0,90
4901847-0,0.0,5033.0,100
4902577-0,0.0,13312.0,121
4902603-0,0.0,11753.0,125
4902604-0,0.0,8462.0,106
5017349-0,0.0,5536.0,98
5018578-0,0.0,4413.0,117
5019293-0,0.0,1423.0,81
5020107-0,0.0,7412.0,119
5020858-0,0.0,4686.0,126
5021276-0,0.0,8035.0,124
5023546-0,0.0,4384.0,122
5025479-0,0.0,7369.0,120
5025810-0,0.0,4021.0,117
5029291-0,0.0,1667.0,67
5035052-0,0.0,7337.0,87
5045003-0,0.0,4033.0,112
5046150-0,0.0,14270.0,113
5047771-0,0.0,8775.0,108
5049989-0,0.0,12406.0,78
5162116-0,0.0,14254.0,82
5162167-0,0.0,5426.0,124
5162533-0,0.0,3582.0,65
5164802-0,0.0,5647.0,120
5169119-0,0.0,12543.0,93
5169448-0,0.0,1935.0,67
5170227-0,0.0,7496.0,81
5173673-0,0.0,14463.0,129
5177893-0,0.0,5362.0,116
5179402-0,0.0,15035.0,78
5180176-0,0.0,13373.0,68
5185928-0,0.0,1576.0,109
5185935-0,0.0,4404.0,114
5186319-0,0.0,12563.0,72
5186380-0,0.0,6036.0,83
5186384-0,0.0,6896.0,81
5187878-0,0.0,4979.0,65
5189011-0,0.0,7586.0,88
5190216-0,0.0,9262.0,69
5192493-0,0.0,13282.0,77
5193257-0,0.0,5198.0,121
5193275-0,0.0,26598.0,113
5194035-0,0.0,2189.0,99
5308873-0,0.0,6724.0,80
5308882-0,0.0,5551.0,105
5312711-0,0.0,1333.0,87
5317274-0,0.0,1917.0,106
5317336-0,0.0,2600.0,99
5319256-0,0.0,5270.0,80
5321915-0,0.0,13265.0,70
5322259-0,0.0,2921.0,98
5323010-0,0.0,22066.0,139
5324622-0,0.0,5246.0,81
5326118-0,0.0,1206.0,76
5327325-0,0.0,2923.0,104
5328035-0,0.0,5725.0,75
5328094-0,0.0,16189.0,115
5329553-0,0.0,5525.0,77
5329566-0,0.0,2495.0,74
5331519-0,0.0,2761.0,86
5333057-0,0.0,965.0,76
5337238-0,0.0,2250.0,99
5341477-0,0.0,5883.0,62
5343068-0,0.0,969.0,87
5344901-0,0.0,11218.0,110
5457821-0,0.0,10668.0,131
5458986-0,0.0,1963.0,71
5466251-0,0.0,12447.0,121
5467853-0,0.0,9578.0,115
5469010-0,0.0,2300.0,75
5472042-0,0.0,9204.0,60
5472802-0,0.0,12316.0,62
5476629-0,0.0,6289.0,77
5476636-0,0.0,5633.0,116
5477468-0,0.0,1888.0,108
5482397-0,0.0,3210.0,128
5486635-0,0.0,3261.0,113
5603359-0,0.0,15103.0,77
5603406-0,0.0,12980.0,90
5604917-0,0.0,12770.0,128
5605713-0,0.0,7759.0,85
5606454-0,0.0,3346.0,117
5610287-0,0.0,2302.0,83
5613702-0,0.0,7085.0,108
5614116-0,0.0,4712.0,123
5614917-0,0.0,1988.0,67
5617548-0,0.0,4679.0,111
5617585-0,0.0,11407.0,72
5620609-0,0.0,10069.0,142
5621402-0,0.0,5625.0,110
5621782-0,0.0,2868.0,90
5622599-0,0.0,12778.0,76
5625666-0,0.0,4287.0,127
5626010-0,0.0,13989.0,73
5629470-0,0.0,5076.0,99
5630638-0,0.0,7696.0,75
5631415-0,0.0,10645.0,107
5631452-0,0.0,6654.0,95
5633345-0,0.0,12169.0,96
5633351-0,0.0,10290.0,85
5634065-0,0.0,19027.0,100
5637600-0,0.0,9322.0,67
5637910-0,0.0,7610.0,81
5639902-0,0.0,5994.0,133
5753499-0,0.0,2529.0,129
5754658-0,0.0,8175.0,119
5755470-0,0.0,8998.0,81
5756935-0,0.0,4865.0,77
5757343-0,0.0,4819.0,72
5757398-0,0.0,3086.0,128
5758158-0,0.0,8093.0,126
5758525-0,0.0,3026.0,85
5759661-0,0.0,4861.0,85
5762306-0,0.0,9274.0,85
5762383-0,0.0,6101.0,85
5764244-0,0.0,5587.0,111
5765830-0,0.0,2206.0,84
5766216-0,0.0,2481.0,115
5766619-0,0.0,3827.0,99
5770453-0,0.0,2116.0,65
5773071-0,0.0,2822.0,121
5773876-0,0.0,12335.0,64
5774680-0,0.0,3175.0,94
5776168-0,0.0,7609.0,122
5776183-0,0.0,14390.0,73
5778895-0,0.0,4107.0,121
5780755-0,0.0,3436.0,111
5781195-0,0.0,3114.0,107
5781531-0,0.0,6809.0,132
5782725-0,0.0,5754.0,118
5785000-0,0.0,4287.0,103
5785408-0,0.0,6686.0,120
5786138-0,0.0,10864.0,77
5786516-0,0.0,3417.0,120
5786945-0,0.0,548.0,90
5786976-0,0.0,5774.0,121
5898326-0,0.0,12733.0,117
5899424-0,0.0,5559.0,73
5904011-0,0.0,10492.0,114
5906387-0,0.0,4692.0,102
5906398-0,0.0,1144.0,93
5908691-0,0.0,3300.0,85
5909467-0,0.0,818.0,66
5910969-0,0.0,2788.0,71
5912080-0,0.0,774.0,61
5914003-0,0.0,1159.0,66
5914758-0,0.0,4928.0,103
5915530-0,0.0,2341.0,127
5915580-0,0.0,6112.0,98
5915591-0,0.0,6162.0,74
5915909-0,0.0,3489.0,83
5918283-0,0.0,1548.0,94
5918299-0,0.0,1414.0,115
5919805-0,0.0,6068.0,64
5920521-0,0.0,4874.0,116
5921364-0,0.0,13625.0,95
5921752-0,0.0,4290.0,119
5922099-0,0.0,9918.0,75
5922469-0,0.0,8183.0,79
5922835-0,0.0,6677.0,78
5922862-0,0.0,6604.0,108
5924754-0,0.0,13746.0,91
5928650-0,0.0,7748.0,146
5928969-0,0.0,6965.0,64
5929776-0,0.0,6910.0,75
5929797-0,0.0,1000.0,88
5932081-0,0.0,6561.0,64
5933992-0,0.0,21195.0,85
6046858-0,0.0,8896.0,129
6047643-0,0.0,2051.0,80
6049227-0,0.0,6957.0,110
6049246-0,0.0,20575.0,86
6050692-0,0.0,1329.0,86
6051140-0,0.0,4002.0,115
6051536-0,0.0,2328.0,70
6051874-0,0.0,5837.0,73
6052699-0,0.0,5611.0,86
6053015-0,0.0,5532.0,91
6054159-0,0.0,7394.0,117
6056536-0,0.0,4450.0,122
6056880-0,0.0,2169.0,92
6058416-0,0.0,7856.0,110
6059143-0,0.0,6476.0,70
6059916-0,0.0,5566.0,114
6059963-0,0.0,6565.0,119
6062236-0,0.0,4410.0,139
6062599-0,0.0,8211.0,108
6064186-0,0.0,6974.0,83
6065309-0,0.0,1448.0,116
6066115-0,0.0,9046.0,112
6066828-0,0.0,3746.0,80
6070710-0,0.0,1542.0,90
6074951-0,0.0,4315.0,110
6075660-0,0.0,4319.0,81
6075663-0,0.0,9426.0,84
6076880-0,0.0,2102.0,114
6078722-0,0.0,469.0,65
6079950-0,0.0,1946.0,69
6080305-0,0.0,12287.0,114
6081470-0,0.0,6396.0,121
6082187-0,0.0,2609.0,99
6193193-0,0.0,1964.0,91
6193933-0,0.0,7019.0,123
6196262-0,0.0,281.0,83
6197080-0,0.0,9595.0,99
6198145-0,0.0,3763.0,116
6200452-0,0.0,7939.0,121
6201297-0,0.0,3221.0,121
6202454-0,0.0,4469.0,69
6205473-0,0.0,5093.0,85
6205505-0,0.0,5447.0,105
6206282-0,0.0,8837.0,59
6206677-0,0.0,2200.0,72
6207811-0,0.0,46418.0,69
6207835-0,0.0,11082.0,73
6209707-0,0.0,2554.0,77
6212439-0,0.0,1199.0,62
6213159-0,0.0,220.0,33
6213977-0,0.0,1884.0,66
6215136-0,0.0,6013.0,118
6216967-0,0.0,18640.0,105
6217384-0,0.0,2879.0,78
6218890-0,0.0,9936.0,64
6218912-0,0.0,1890.0,89
6220047-0,0.0,4792.0,77
6220449-0,0.0,2632.0,115
6221980-0,0.0,2019.0,90
6223918-0,0.0,6352.0,79
6225422-0,0.0,2625.0,90
6225865-0,0.0,1608.0,82
6227010-0,0.0,9099.0,93
6228558-0,0.0,14957.0,75
6347140-0,0.0,120260.0,74
6348357-0,0.0,2617.0,112
6350258-0,0.0,5356.0,119
6352160-0,0.0,4053.0,91
6352568-0,0.0,16601.0,119
6354136-0,0.0,2400.0,116
6358667-0,0.0,6542.0,120
6359120-0,0.0,317.0,101
6360226-0,0.0,781.0,88
6363294-0,0.0,6345.0,112
6364506-0,0.0,12078.0,94
6364854-0,0.0,2713.0,84
6365278-0,0.0,5470.0,119
6365630-0,0.0,8881.0,67
6366776-0,0.0,3235.0,112
6372142-0,0.0,8190.0,73
6372149-0,0.0,6521.0,116
6372869-0,0.0,6505.0,78
6373271-0,0.0,3319.0,110
6491969-0,0.0,7818.0,120
6493888-0,0.0,7045.0,86
6495047-0,0.0,7854.0,126
6495386-0,0.0,11212.0,110
6495824-0,0.0,18591.0,117
6496153-0,0.0,3598.0,65
6496202-0,0.0,2108.0,79
6502289-0,0.0,4457.0,120
6504962-0,0.0,5865.0,67
6505359-0,0.0,4074.0,119
6506583-0,0.0,13846.0,72
6506589-0,0.0,7746.0,124
6508511-0,0.0,6996.0,75
6509231-0,0.0,5387.0,73
6511489-0,0.0,178809.0,63
6511895-0,0.0,3310.0,103
6511907-0,0.0,5454.0,68
6513808-0,0.0,8409.0,118
6513855-0,0.0,4445.0,102
6514598-0,0.0,2710.0,62
6516951-0,0.0,2085.0,77
6518785-0,0.0,10600.0,86
6519235-0,0.0,7744.0,93
6519644-0,0.0,4761.0,130
6520714-0,0.0,3033.0,67
6521502-0,0.0,3771.0,85
6524576-0,0.0,3822.0,99
6635610-0,0.0,1290.0,67
6637076-0,0.0,5313.0,86
6637915-0,0.0,4861.0,98
6641713-0,0.0,4904.0,63
6641727-0,0.0,2000.0,60
6642498-0,0.0,5938.0,64
6644023-0,0.0,1752.0,123
6644789-0,0.0,10725.0,112
6645924-0,0.0,6541.0,93
6647041-0,0.0,9254.0,95
6647491-0,0.0,11739.0,116
6649048-0,0.0,6757.0,119
6652437-0,0.0,4238.0,87
6652889-0,0.0,15510.0,101
6654394-0,0.0,2065.0,124
6656340-0,0.0,1573.0,107
6660531-0,0.0,4975.0,71
6660960-0,0.0,6311.0,111
6662794-0,0.0,2399.0,78
6663565-0,0.0,3523.0,77
6663602-0,0.0,3201.0,71
6664754-0,0.0,4961.0,114
6665519-0,0.0,3175.0,69
6667410-0,0.0,6090.0,84
6667852-0,0.0,7081.0,76
6669001-0,0.0,7229.0,80
6669402-0,0.0,5141.0,68
6670109-0,0.0,11215.0,69
6670925-0,0.0,501.0,93
6671317-0,0.0,4718.0,69
6784971-0,0.0,13616.0,84
6795680-0,0.0,7021.0,128
6796083-0,0.0,13938.0,72
6798405-0,0.0,5589.0,118
6801434-0,0.0,14412.0,133
6803717-0,0.0,9004.0,80
6804569-0,0.0,7656.0,125
6809542-0,0.0,5605.0,106
6809907-0,0.0,7371.0,89
6810314-0,0.0,10204.0,74
6812553-0,0.0,8846.0,77
6813378-0,0.0,5057.0,107
6815248-0,0.0,7452.0,102
6818708-0,0.0,1865.0,81
6818713-0,0.0,4954.0,121
6819471-0,0.0,4817.0,125
6931645-0,0.0,3965.0,89
6932800-0,0.0,10699.0,101
6939272-0,0.0,13220.0,122
6943516-0,0.0,6566.0,65
6946620-0,0.0,6016.0,126
6948549-0,0.0,3788.0,77
6949716-0,0.0,508.0,101
6952396-0,0.0,4037.0,77
6953111-0,0.0,4192.0,111
6953520-0,0.0,2211.0,91
6954291-0,0.0,1164.0,98
6955052-0,0.0,4960.0,117
6955469-0,0.0,1816.0,113
6958942-0,0.0,1454.0,113
6960012-0,0.0,2832.0,71
6963476-0,0.0,9833.0,66
6963923-0,0.0,23510.0,119
6964271-0,0.0,4353.0,112
7079065-0,0.0,8568.0,73
7079118-0,0.0,4324.0,99
7080204-0,0.0,17073.0,87
7080662-0,0.0,13260.0,127
7081004-0,0.0,2290.0,108
7082917-0,0.0,5086.0,67
7084498-0,0.0,8362.0,78
7084820-0,0.0,13035.0,80
7085205-0,0.0,5958.0,87
7085622-0,0.0,6719.0,96
7086805-0,0.0,4429.0,108
7087558-0,0.0,4534.0,104
7087938-0,0.0,33887.0,111
7088298-0,0.0,5922.0,100
7090238-0,0.0,4563.0,83
7097908-0,0.0,2416.0,69
7100168-0,0.0,6752.0,125
7101702-0,0.0,8165.0,86
7102896-0,0.0,12938.0,110
7104411-0,0.0,6944.0,81
7105627-0,0.0,3127.0,91
7106336-0,0.0,7005.0,79
7106364-0,0.0,2745.0,123
7109031-0,0.0,18804.0,106
7110578-0,0.0,2918.0,99
7112833-0,0.0,4661.0,96
7114019-0,0.0,5302.0,115
7114373-0,0.0,3495.0,88
7226539-0,0.0,6680.0,117
7228085-0,0.0,4652.0,72
7229276-0,0.0,10750.0,123
7229621-0,0.0,15358.0,115
7230731-0,0.0,10985.0,135
7231507-0,0.0,4014.0,117
7232660-0,0.0,3186.0,124
7234998-0,0.0,13479.0,89
7235758-0,0.0,1223.0,112
7236161-0,0.0,8733.0,69
7236504-0,0.0,12287.0,122
7239982-0,0.0,2870.0,115
7240784-0,0.0,3721.0,80
7245011-0,0.0,8786.0,127
7246152-0,0.0,4914.0,124
7246888-0,0.0,6683.0,90
7247278-0,0.0,4212.0,104
7247307-0,0.0,7452.0,138
7248469-0,0.0,2908.0,68
7249569-0,0.0,185.0,43
7249591-0,0.0,7710.0,142
7250345-0,0.0,6971.0,77
7250734-0,0.0,17022.0,79
7251144-0,0.0,5384.0,120
7251915-0,0.0,2551.0,117
7252703-0,0.0,5931.0,123
7253052-0,0.0,2383.0,70
7253062-0,0.0,15104.0,129
7254995-0,0.0,6542.0,103
7255752-0,0.0,2199.0,65
7256917-0,0.0,7650.0,75
7257612-0,0.0,7494.0,135
7258075-0,0.0,18823.0,130
7258458-0,0.0,3036.0,92
7259532-0,0.0,4767.0,129
7260363-0,0.0,5954.0,130
7261511-0,0.0,11584.0,86
7374428-0,0.0,10690.0,141
7375543-0,0.0,2746.0,114
7376262-0,0.0,1573.0,81
7379371-0,0.0,7856.0,88
7380570-0,0.0,6273.0,75
7381316-0,0.0,6782.0,129
7382477-0,0.0,7413.0,80
7384721-0,0.0,1872.0,111
7385920-0,0.0,4514.0,106
7389352-0,0.0,5941.0,78
7390095-0,0.0,3748.0,123
7395475-0,0.0,4494.0,83
7398195-0,0.0,4952.0,124
7400471-0,0.0,3924.0,110
7400858-0,0.0,10625.0,110
7401268-0,0.0,676.0,61
7401693-0,0.0,6136.0,136
7402447-0,0.0,3139.0,133
7402799-0,0.0,4042.0,104
7403544-0,0.0,7707.0,124
7403991-0,0.0,2859.0,127
7405457-0,0.0,1954.0,114
7406663-0,0.0,3006.0,86
7409376-0,0.0,3559.0,83
7521823-0,0.0,9834.0,69
7523393-0,0.0,3975.0,59
7524573-0,0.0,9350.0,85
7525312-0,0.0,2376.0,86
7528789-0,0.0,5087.0,87
7530282-0,0.0,13135.0,78
7532946-0,0.0,3913.0,96
7533338-0,0.0,21354.0,159
7533734-0,0.0,13708.0,95
7535257-0,0.0,8817.0,85
7537554-0,0.0,5258.0,92
7539075-0,0.0,8844.0,119
7539552-0,0.0,7617.0,70
7539886-0,0.0,14002.0,64
7540626-0,0.0,9894.0,79
7541776-0,0.0,6617.0,95
7542161-0,0.0,5626.0,127
7544841-0,0.0,2801.0,115
7547597-0,0.0,4677.0,116
7547935-0,0.0,2704.0,104
7548714-0,0.0,5676.0,79
7549878-0,0.0,5228.0,121
7550597-0,0.0,2293.0,118
7551760-0,0.0,4009.0,68
7554520-0,0.0,5587.0,79
7556023-0,0.0,16262.0,150
7673926-0,0.0,5081.0,131
7675078-0,0.0,953.0,96
7676987-0,0.0,3108.0,76
7678491-0,0.0,10124.0,123
7679264-0,0.0,3376.0,85
7681153-0,0.0,13052.0,78
7682312-0,0.0,5782.0,97
7682338-0,0.0,9285.0,126
7682781-0,0.0,18006.0,160
7683848-0,0.0,1700.0,99
7686609-0,0.0,11931.0,106
7686987-0,0.0,29137.0,109
7687307-0,0.0,7506.0,82
7689659-0,0.0,5390.0,121
7691555-0,0.0,1599.0,75
7691999-0,0.0,8763.0,117
7692299-0,0.0,8122.0,110
7692359-0,0.0,10180.0,107
7695828-0,0.0,3268.0,111
7696536-0,0.0,3094.0,81
7698522-0,0.0,4213.0,121
7700743-0,0.0,2175.0,95
7701577-0,0.0,8031.0,78
7701584-0,0.0,7311.0,72
7815582-0,0.0,19356.0,136
7816362-0,0.0,5611.0,107
7816723-0,0.0,8649.0,75
7827468-0,0.0,941.0,81
7827537-0,0.0,4058.0,70
7828267-0,0.0,6293.0,125
7829032-0,0.0,4657.0,60
7830230-0,0.0,3759.0,108
7831741-0,0.0,6745.0,118
7832890-0,0.0,1726.0,113
7833608-0,0.0,15036.0,62
7834012-0,0.0,11918.0,101
7835531-0,0.0,4380.0,123
7835967-0,0.0,3764.0,125
7836313-0,0.0,7876.0,107
7837486-0,0.0,5940.0,122
7840590-0,0.0,11200.0,57
7845166-0,0.0,1625.0,67
7845592-0,0.0,16608.0,67
7847510-0,0.0,5253.0,113
7848267-0,0.0,16209.0,86
7851346-0,0.0,6994.0,82
7963856-0,0.0,8291.0,74
7968809-0,0.0,8388.0,97
7971098-0,0.0,22061.0,125
7971141-0,0.0,3979.0,78
7971893-0,0.0,3332.0,121
7971921-0,0.0,810.0,103
7972665-0,0.0,6170.0,115
7973087-0,0.0,4133.0,124
7975713-0,0.0,3175.0,116
7977297-0,0.0,19015.0,79
7977632-0,0.0,2837.0,132
7978846-0,0.0,13469.0,90
7980711-0,0.0,3900.0,81
7981904-0,0.0,4330.0,175
7984912-0,0.0,11058.0,89
7985719-0,0.0,5012.0,124
7988439-0,0.0,15173.0,68
7989891-0,0.0,5682.0,101
7989962-0,0.0,8546.0,97
7990722-0,0.0,1826.0,124
7992210-0,0.0,4380.0,117
7992617-0,0.0,8425.0,86
7993390-0,0.0,3616.0,102
7993411-0,0.0,7631.0,80
7994943-0,0.0,7468.0,128
7997249-0,0.0,8848.0,85
7998813-0,0.0,11055.0,122
8111667-0,0.0,1634.0,72
8112060-0,0.0,2336.0,95
8113945-0,0.0,5606.0,115
8117391-0,0.0,7009.0,131
8117812-0,0.0,7100.0,36
8121679-0,0.0,4582.0,111
8122379-0,0.0,1942.0,113
8122782-0,0.0,1658.0,119
8122796-0,0.0,7543.0,93
8122811-0,0.0,2233.0,68
8125065-0,0.0,6712.0,77
8127042-0,0.0,2120.0,69
8128600-0,0.0,2322.0,93
8129353-0,0.0,5303.0,73
8131669-0,0.0,2844.0,91
8134677-0,0.0,5729.0,123
8134727-0,0.0,9347.0,126
8135866-0,0.0,4864.0,114
8136649-0,0.0,1224.0,107
8137028-0,0.0,5893.0,97
8138530-0,0.0,12057.0,117
8140043-0,0.0,8981.0,91
8140127-0,0.0,1947.0,85
8143547-0,0.0,10632.0,119
8143873-0,0.0,4248.0,101
8145035-0,0.0,7121.0,75
8258322-0,0.0,5125.0,86
8258368-0,0.0,2749.0,123
8266016-0,0.0,5005.0,122
8267191-0,0.0,3935.0,110
8267563-0,0.0,3440.0,104
8268318-0,0.0,2832.0,123
8268702-0,0.0,5007.0,89
8269059-0,0.0,21270.0,121
8269520-0,0.0,5160.0,118
8270607-0,0.0,20382.0,145
8271376-0,0.0,3972.0,109
8272956-0,0.0,12414.0,145
8274476-0,0.0,4329.0,108
8275248-0,0.0,1413.0,84
8277130-0,0.0,2118.0,110
8277214-0,0.0,7064.0,74
8277594-0,0.0,7577.0,88
8278701-0,0.0,1123.0,60
8280239-0,0.0,13640.0,111
8281393-0,0.0,4625.0,84
8284858-0,0.0,2075.0,74
8286801-0,0.0,3562.0,100
8288680-0,0.0,7670.0,63
8289464-0,0.0,223.0,85
8289471-0,0.0,3353.0,123
8290637-0,0.0,3378.0,84
8291358-0,0.0,2754.0,76
8292175-0,0.0,1906.0,82
8292914-0,0.0,3604.0,81
8293301-0,0.0,7472.0,86
8405768-0,0.0,8445.0,95
8406563-0,0.0,6977.0,86
8409656-0,0.0,2876.0,119
8412294-0,0.0,664.0,36
8415071-0,0.0,7954.0,93
8416199-0,0.0,4675.0,92
8416561-0,0.0,14663.0,137
8418123-0,0.0,6213.0,130
8418437-0,0.0,6930.0,82
8419649-0,0.0,11291.0,108
8420042-0,0.0,4463.0,105
8421949-0,0.0,3623.0,82
8422676-0,0.0,5102.0,74
8423854-0,0.0,6006.0,127
8426152-0,0.0,1225.0,69
8427344-0,0.0,8404.0,84
8428855-0,0.0,11188.0,115
8430031-0,0.0,987.0,70
8434978-0,0.0,5503.0,108
8435002-0,0.0,8243.0,81
8435388-0,0.0,11669.0,105
8436517-0,0.0,3938.0,107
8437297-0,0.0,6591.0,106
8438107-0,0.0,2380.0,117
8438111-0,0.0,603.0,81
8440400-0,0.0,8859.0,92
8554037-0,0.0,1650.0,78
8554413-0,0.0,8650.0,72
8557472-0,0.0,7371.0,79
8558258-0,0.0,4258.0,129
8559785-0,0.0,5036.0,108
8563979-0,0.0,8611.0,109
8564062-0,0.0,6457.0,133
8564769-0,0.0,3869.0,131
8565943-0,0.0,2370.0,91
8568657-0,0.0,14593.0,43
8570586-0,0.0,8296.0,77
8570941-0,0.0,15488.0,101
8573219-0,0.0,6163.0,117
8573607-0,0.0,2804.0,93
8574367-0,0.0,14354.0,121
8574411-0,0.0,6570.0,117
8575122-0,0.0,6705.0,80
8575873-0,0.0,12345.0,78
8577416-0,0.0,3387.0,89
8577449-0,0.0,5255.0,121
8580913-0,0.0,6115.0,132
8582100-0,0.0,8126.0,65
8582438-0,0.0,8301.0,83
8583194-0,0.0,2022.0,119
8584376-0,0.0,3694.0,81
8585899-0,0.0,8728.0,96
8702215-0,0.0,8294.0,120
8702250-0,0.0,9102.0,77
8704206-0,0.0,2349.0,107
8705307-0,0.0,7280.0,119
8707242-0,0.0,2926.0,72
8707294-0,0.0,3918.0,91
8708425-0,0.0,5491.0,79
8709561-0,0.0,8044.0,73
8709965-0,0.0,6467.0,91
8712670-0,0.0,2436.0,77
8713434-0,0.0,7737.0,86
8713790-0,0.0,854.0,86
8714936-0,0.0,20968.0,83
8718746-0,0.0,9961.0,81
8719120-0,0.0,4007.0,109
8719945-0,0.0,2632.0,78
8720294-0,0.0,7826.0,87
8721081-0,0.0,7599.0,118
8722962-0,0.0,6530.0,91
8723369-0,0.0,16662.0,92
8724112-0,0.0,7153.0,80
8724543-0,0.0,3683.0,109
8726026-0,0.0,4631.0,123
8728343-0,0.0,2392.0,89
8729555-0,0.0,3018.0,81
8729946-0,0.0,6310.0,116
8730304-0,0.0,7693.0,87
8732946-0,0.0,3300.0,122
8732983-0,0.0,6796.0,78
8734483-0,0.0,8463.0,126
8847416-0,0.0,11064.0,114
8847755-0,0.0,4540.0,71
8853209-0,0.0,3903.0,104
8855825-0,0.0,1927.0,103
8855838-0,0.0,11389.0,109
8857812-0,0.0,6199.0,127
8859268-0,0.0,2125.0,98
8860448-0,0.0,9945.0,95
8860490-0,0.0,2419.0,102
8861240-0,0.0,11547.0,84
8861604-0,0.0,8793.0,67
8871598-0,0.0,6488.0,111
8872001-0,0.0,3688.0,94
8876986-0,0.0,2838.0,65
8877009-0,0.0,7325.0,99
8881563-0,0.0,4724.0,105
8881973-0,0.0,5070.0,136
8882754-0,0.0,4351.0,123
8883537-0,0.0,10518.0,86
8995626-0,0.0,14320.0,110
8996395-0,0.0,4885.0,81
8996762-0,0.0,8550.0,126
8997527-0,0.0,16836.0,108
8998729-0,0.0,11230.0,109
9002143-0,0.0,3792.0,85
9003656-0,0.0,32653.0,75
9004038-0,0.0,9738.0,70
9006420-0,0.0,9580.0,120
9007958-0,0.0,26644.0,76
9010252-0,0.0,8981.0,74
9011370-0,0.0,4240.0,69
9011375-0,0.0,5644.0,99
9012540-0,0.0,44171.0,143
9014027-0,0.0,6696.0,73
9014098-0,0.0,5896.0,106
9014105-0,0.0,3594.0,90
9020223-0,0.0,16770.0,77
9020633-0,0.0,11897.0,153
9021329-0,0.0,1931.0,98
9022468-0,0.0,7321.0,117
9026726-0,0.0,3880.0,101
9027117-0,0.0,10532.0,125
9027143-0,0.0,2045.0,82
9028297-0,0.0,3670.0,127
9031347-0,0.0,2964.0,66
9142718-0,0.0,11447.0,99
9143063-0,0.0,2125.0,69
9144670-0,0.0,4374.0,131
9146167-0,0.0,2933.0,111
9147326-0,0.0,5909.0,110
9150780-0,0.0,729.0,37
9151132-0,0.0,14725.0,100
9152679-0,0.0,6095.0,75
9154218-0,0.0,7285.0,121
9156116-0,0.0,1572.0,90
9156561-0,0.0,15940.0,82
9156922-0,0.0,3692.0,111
9158020-0,0.0,6661.0,65
9161857-0,0.0,3686.0,79
9162271-0,0.0,2658.0,81
9162645-0,0.0,5545.0,125
9162679-0,0.0,12039.0,118
9166081-0,0.0,4623.0,105
9166887-0,0.0,2243.0,66
9167267-0,0.0,9374.0,85
9167645-0,0.0,7916.0,84
9171870-0,0.0,13657.0,117
9174202-0,0.0,4955.0,123
9178052-0,0.0,8404.0,70
9178441-0,0.0,15893.0,83
9178817-0,0.0,6846.0,93
9291715-0,0.0,11938.0,79
9295955-0,0.0,7612.0,88
9296646-0,0.0,2450.0,107
9298630-0,0.0,4837.0,69
9298955-0,0.0,7735.0,88
9300525-0,0.0,6915.0,131
9300947-0,0.0,19797.0,120
9309006-0,0.0,6678.0,86
9315871-0,0.0,5873.0,79
9316672-0,0.0,9042.0,97
9318621-0,0.0,2501.0,107
9320137-0,0.0,11064.0,80
9321619-0,0.0,9019.0,83
9322820-0,0.0,2014.0,107
9324352-0,0.0,10244.0,128
9437234-0,0.0,4095.0,79
9440660-0,0.0,4069.0,115
9442228-0,0.0,5202.0,130
9442986-0,0.0,7069.0,77
9444924-0,0.0,11397.0,76
9446091-0,0.0,3643.0,107
9447942-0,0.0,4434.0,128
9448759-0,0.0,12481.0,101
9449473-0,0.0,10681.0,78
9449529-0,0.0,4582.0,62
9450336-0,0.0,5346.0,69
9452551-0,0.0,17301.0,81
9454505-0,0.0,6812.0,125
9456788-0,0.0,7514.0,134
9456807-0,0.0,6199.0,85
9457178-0,0.0,13128.0,99
9457580-0,0.0,8942.0,85
9458012-0,0.0,7747.0,92
9464154-0,0.0,11213.0,113
9465223-0,0.0,11690.0,73
9465628-0,0.0,2068.0,65
9466369-0,0.0,9425.0,124
9469520-0,0.0,6996.0,100
9471753-0,0.0,7963.0,102
9473344-0,0.0,3269.0,87
9473746-0,0.0,1097.0,100
9585484-0,0.0,6832.0,122
9591178-0,0.0,12278.0,105
9591197-0,0.0,9428.0,78
9591580-0,0.0,6346.0,122
9591977-0,0.0,1971.0,106
9593169-0,0.0,10446.0,87
9593545-0,0.0,6202.0,103
9593893-0,0.0,4181.0,109
9595421-0,0.0,3238.0,96
9596976-0,0.0,2028.0,80
9597386-0,0.0,12810.0,72
9598493-0,0.0,20474.0,102
9598909-0,0.0,15174.0,90
9600418-0,0.0,1945.0,79
9603107-0,0.0,6668.0,133
9604701-0,0.0,10362.0,81
9604993-0,0.0,2730.0,59
9605396-0,0.0,5329.0,115
9605406-0,0.0,3250.0,87
9605843-0,0.0,1827.0,77
9606969-0,0.0,3402.0,89
9607336-0,0.0,12260.0,145
9608857-0,0.0,7226.0,116
9615020-0,0.0,4102.0,112
9615416-0,0.0,3720.0,124
9615806-0,0.0,2993.0,108
9616991-0,0.0,2996.0,124
9617357-0,0.0,1429.0,72
9618455-0,0.0,6488.0,110
9619652-0,0.0,6321.0,107
9732557-0,0.0,8108.0,103
9732944-0,0.0,29327.0,124
9733314-0,0.0,3976.0,90
9733672-0,0.0,8468.0,107
9734061-0,0.0,7443.0,130
9736766-0,0.0,3889.0,110
9737519-0,0.0,9481.0,141
9738650-0,0.0,5497.0,108
9741382-0,0.0,10174.0,123
9741767-0,0.0,3984.0,147
9744057-0,0.0,2258.0,125
9745174-0,0.0,8751.0,130
9746015-0,0.0,3545.0,126
9746390-0,0.0,2374.0,82
9747152-0,0.0,11724.0,91
9747886-0,0.0,4178.0,132
9748290-0,0.0,13048.0,127
9749005-0,0.0,17799.0,145
9750229-0,0.0,1043.0,68
9750590-0,0.0,6675.0,73
9750943-0,0.0,2094.0,85
9751321-0,0.0,4671.0,126
9752457-0,0.0,15874.0,82
9752512-0,0.0,8271.0,130
9755923-0,0.0,4287.0,98
9756694-0,0.0,16008.0,125
9758258-0,0.0,5243.0,103
9759065-0,0.0,3405.0,78
9759756-0,0.0,2912.0,66
9760943-0,0.0,10104.0,128
9762443-0,0.0,15268.0,110
9767871-0,0.0,5555.0,99
9879963-0,0.0,4176.0,113
9880005-0,0.0,260.0,59
9881521-0,0.0,1336.0,82
9881558-0,0.0,2522.0,88
9884581-0,0.0,732.0,105
9887326-0,0.0,8007.0,112
9888438-0,0.0,7531.0,119
9890750-0,0.0,5213.0,89
9894606-0,0.0,17860.0,123
9895004-0,0.0,2891.0,108
9895297-0,0.0,5413.0,130
9896470-0,0.0,5273.0,115
9897273-0,0.0,2315.0,92
9898449-0,0.0,7406.0,75
9898841-0,0.0,14801.0,128
9899553-0,0.0,19106.0,124
9900693-0,0.0,6811.0,125
9901107-0,0.0,14087.0,142
9902299-0,0.0,3454.0,79
9904965-0,0.0,3776.0,95
9906527-0,0.0,1182.0,60
9906818-0,0.0,16695.0,119
9906899-0,0.0,12663.0,73
9909137-0,0.0,14961.0,155
9909598-0,0.0,1585.0,84
9910733-0,0.0,12843.0,125
9913041-0,0.0,4050.0,97
10027009-0,0.0,5674.0,81
10027075-0,0.0,8227.0,69
10028595-0,0.0,10121.0,78
10029337-0,0.0,3055.0,82
10033544-0,0.0,9956.0,85
10044736-0,0.0,2545.0,69
10045061-0,0.0,5079.0,117
10046287-0,0.0,486.0,92
10048583-0,0.0,13720.0,75
10049312-0,0.0,1050.0,42
10050109-0,0.0,2125.0,68
10050524-0,0.0,4621.0,105
10051266-0,0.0,5499.0,123
10051626-0,0.0,1709.0,63
10052388-0,0.0,13468.0,103
10053899-0,0.0,8910.0,117
10060077-0,0.0,3523.0,119
10060094-0,0.0,9132.0,90
10060422-0,0.0,7506.0,122
10176054-0,0.0,15541.0,69
10177170-0,0.0,8731.0,73
10178754-0,0.0,3714.0,99
10183758-0,0.0,8366.0,77
10184117-0,0.0,3826.0,85
10187218-0,0.0,6516.0,144
10187981-0,0.0,6863.0,107
10190983-0,0.0,7658.0,113
10191819-0,0.0,18864.0,106
10194895-0,0.0,4829.0,85
10197560-0,0.0,3483.0,68
10199470-0,0.0,5286.0,81
10200994-0,0.0,16379.0,145
10201787-0,0.0,7149.0,115
10201812-0,0.0,5794.0,80
10203682-0,0.0,3003.0,109
10205189-0,0.0,13221.0,64
10205641-0,0.0,2881.0,86
10206749-0,0.0,18089.0,141
10207139-0,0.0,5043.0,130
10207919-0,0.0,4949.0,128
10208642-0,0.0,8332.0,107
10210188-0,0.0,9886.0,115
10210655-0,0.0,3483.0,57
10321943-0,0.0,7475.0,110
10323139-0,0.0,2719.0,116
10323901-0,0.0,1034.0,75
10325075-0,0.0,1252.0,60
10326978-0,0.0,7032.0,131
10326997-0,0.0,3365.0,97
10327747-0,0.0,8996.0,89
10328495-0,0.0,1538.0,128
10329228-0,0.0,3398.0,112
10331226-0,0.0,4791.0,97
10333895-0,0.0,9790.0,100
10335800-0,0.0,3206.0,93
10337372-0,0.0,5992.0,70
10341896-0,0.0,15666.0,113
10342355-0,0.0,2631.0,121
10343879-0,0.0,4449.0,95
10344655-0,0.0,1373.0,83
10345752-0,0.0,7245.0,106
10346918-0,0.0,7414.0,99
10348068-0,0.0,4446.0,129
10351911-0,0.0,6733.0,86
10354646-0,0.0,10811.0,79
10355803-0,0.0,6186.0,70
10356166-0,0.0,3709.0,102
10470215-0,0.0,3452.0,125
10472468-0,0.0,19081.0,127
10472491-0,0.0,2927.0,132
10474779-0,0.0,5623.0,120
10475209-0,0.0,4841.0,85
10475597-0,0.0,5453.0,122
10475606-0,0.0,14160.0,113
10475906-0,0.0,4898.0,87
10475971-0,0.0,6906.0,68
10478210-0,0.0,6907.0,104
10478638-0,0.0,3764.0,120
10487469-0,0.0,5003.0,108
10488991-0,0.0,7930.0,83
10489419-0,0.0,5919.0,131
10490513-0,0.0,7826.0,115
10491351-0,0.0,7332.0,80
10492885-0,0.0,8186.0,97
10494431-0,0.0,3339.0,101
10495139-0,0.0,13136.0,79
10495490-0,0.0,4178.0,110
10498604-0,0.0,6831.0,96
10499333-0,0.0,3968.0,110
10502785-0,0.0,9018.0,142
10503940-0,0.0,20862.0,159
10504382-0,0.0,474.0,89
10504708-0,0.0,4058.0,64
10617238-0,0.0,6837.0,106
10617635-0,0.0,2494.0,113
10620736-0,0.0,2218.0,87
10624150-0,0.0,5688.0,97
10626901-0,0.0,3435.0,79
10628060-0,0.0,2761.0,104
10629208-0,0.0,3190.0,122
10631122-0,0.0,15050.0,135
10635689-0,0.0,3022.0,89
10636039-0,0.0,5087.0,74
10636884-0,0.0,8033.0,59
10637626-0,0.0,6443.0,81
10638360-0,0.0,3492.0,69
10639114-0,0.0,3245.0,81
10640274-0,0.0,7027.0,113
10643788-0,0.0,4442.0,72
10644489-0,0.0,6717.0,111
10645723-0,0.0,8808.0,118
10647974-0,0.0,18120.0,84
10648774-0,0.0,16781.0,133
10649534-0,0.0,6105.0,99
10650275-0,0.0,19488.0,114
10651010-0,0.0,5130.0,110
10652189-0,0.0,11470.0,79
10765827-0,0.0,6772.0,115
10766273-0,0.0,6701.0,100
10767049-0,0.0,5412.0,113
10771973-0,0.0,3083.0,135
10772037-0,0.0,5974.0,123
10772740-0,0.0,5284.0,156
10773582-0,0.0,21372.0,131
10773962-0,0.0,6019.0,98
10774336-0,0.0,4215.0,96
10774346-0,0.0,5562.0,114
10775454-0,0.0,4135.0,118
10775491-0,0.0,1304.0,96
10776265-0,0.0,3066.0,120
10776612-0,0.0,6746.0,89
10776633-0,0.0,7965.0,113
10778202-0,0.0,9290.0,94
10779349-0,0.0,3903.0,91
10783574-0,0.0,13246.0,80
10784274-0,0.0,8885.0,68
10784682-0,0.0,4470.0,94
10784724-0,0.0,9008.0,81
10786200-0,0.0,10258.0,84
10792786-0,0.0,3205.0,98
10793910-0,0.0,8386.0,118
10794330-0,0.0,1401.0,81
10795471-0,0.0,3274.0,66
10796949-0,0.0,8054.0,73
10798158-0,0.0,10240.0,112
10800392-0,0.0,7637.0,125
10800808-0,0.0,2280.0,119
10913696-0,0.0,6644.0,99
10916762-0,0.0,5397.0,84
10919900-0,0.0,4796.0,95
10920994-0,0.0,4544.0,113
10921821-0,0.0,7782.0,124
10922568-0,0.0,1188.0,95
10922967-0,0.0,1318.0,91
10924061-0,0.0,4431.0,127
10925578-0,0.0,11137.0,74
10929117-0,0.0,8171.0,79
10929808-0,0.0,6578.0,85
10929815-0,0.0,14200.0,91
10930201-0,0.0,2016.0,103
10932154-0,0.0,9851.0,88
10934878-0,0.0,7787.0,102
10939418-0,0.0,8353.0,76
10940638-0,0.0,7911.0,77
10941351-0,0.0,7249.0,129
10942137-0,0.0,6754.0,80
10942559-0,0.0,3330.0,74
10944390-0,0.0,6856.0,74
10945547-0,0.0,4388.0,88
10946011-0,0.0,7245.0,119
10946747-0,0.0,4479.0,119
10946775-0,0.0,3881.0,100
11059996-0,0.0,4930.0,75
11060036-0,0.0,2873.0,72
11060046-0,0.0,7384.0,108
11060051-0,0.0,10311.0,119
11064601-0,0.0,5794.0,114
11067321-0,0.0,16101.0,85
11068081-0,0.0,4929.0,106
11068814-0,0.0,4367.0,77
11069587-0,0.0,9875.0,115
11069623-0,0.0,30034.0,113
11074637-0,0.0,1610.0,82
11075037-0,0.0,7229.0,99
11076899-0,0.0,46965.0,66
11077310-0,0.0,4222.0,118
11078430-0,0.0,5753.0,113
11082258-0,0.0,11254.0,102
11089239-0,0.0,14549.0,108
11089599-0,0.0,6595.0,123
11090351-0,0.0,10646.0,70
11093054-0,0.0,5671.0,70
11207899-0,0.0,14700.0,68
11212430-0,0.0,3068.0,121
11214389-0,0.0,6995.0,77
11214399-0,0.0,13398.0,98
11218205-0,0.0,2338.0,115
11218591-0,0.0,9037.0,120
11221290-0,0.0,2488.0,108
11223258-0,0.0,6157.0,117
11225514-0,0.0,4610.0,88
11227789-0,0.0,1450.0,87
11227799-0,0.0,5560.0,107
11229773-0,0.0,2455.0,110
11232856-0,0.0,2527.0,88
11234380-0,0.0,11225.0,120
11235142-0,0.0,8377.0,120
11235154-0,0.0,2180.0,121
11237061-0,0.0,5337.0,128
11238573-0,0.0,8641.0,130
11239376-0,0.0,12103.0,61
11240908-0,0.0,5862.0,105
11241616-0,0.0,6082.0,62
11242775-0,0.0,13644.0,68
11354177-0,0.0,4301.0,99
11354943-0,0.0,5573.0,79
11355683-0,0.0,8731.0,101
11357253-0,0.0,7363.0,92
11358015-0,0.0,3452.0,85
11359942-0,0.0,14099.0,126
11360309-0,0.0,5040.0,99
11361409-0,0.0,4976.0,114
11362638-0,0.0,3157.0,69
11369148-0,0.0,5436.0,119
11369869-0,0.0,14044.0,113
11371092-0,0.0,10892.0,111
11373322-0,0.0,3782.0,107
11374877-0,0.0,4900.0,90
11375702-0,0.0,5042.0,124
11379484-0,0.0,1732.0,63
11380258-0,0.0,3539.0,89
11381445-0,0.0,1868.0,81
11381849-0,0.0,6794.0,100
11383369-0,0.0,11088.0,91
11384508-0,0.0,4211.0,117
11384909-0,0.0,21442.0,123
11385259-0,0.0,6382.0,119
11385685-0,0.0,4630.0,117
11390646-0,0.0,1098.0,105
11505089-0,0.0,6321.0,82
11508155-0,0.0,8998.0,123
11510796-0,0.0,3500.0,120
11511262-0,0.0,15566.0,72
11511986-0,0.0,2693.0,132
11517761-0,0.0,7952.0,65
11520053-0,0.0,3085.0,59
11521539-0,0.0,3317.0,84
11521958-0,0.0,6637.0,86
11522379-0,0.0,2669.0,130
11522723-0,0.0,9848.0,90
11522739-0,0.0,5071.0,73
11527357-0,0.0,8155.0,73
11529290-0,0.0,2237.0,107
11530828-0,0.0,7390.0,119
11532331-0,0.0,2754.0,76
11532368-0,0.0,3603.0,86
11533060-0,0.0,8697.0,124
11533481-0,0.0,7535.0,87
11534629-0,0.0,5957.0,111
11534651-0,0.0,11033.0,62
11536135-0,0.0,7086.0,80
11536559-0,0.0,8169.0,80
11649084-0,0.0,6357.0,78
11649795-0,0.0,46177.0,88
11649811-0,0.0,15651.0,72
11650178-0,0.0,3142.0,76
11657869-0,0.0,4462.0,99
11657881-0,0.0,4282.0,111
11658241-0,0.0,5400.0,63
11658258-0,0.0,13421.0,61
11659803-0,0.0,6457.0,107
11662092-0,0.0,2165.0,132
11662117-0,0.0,14238.0,55
11662157-0,0.0,8672.0,126
11662856-0,0.0,3540.0,66
11663310-0,0.0,7790.0,81
11663691-0,0.0,4374.0,97
11664451-0,0.0,2394.0,91
11665613-0,0.0,10686.0,83
11665974-0,0.0,5797.0,118
11667167-0,0.0,7555.0,84
11667851-0,0.0,5386.0,67
11668257-0,0.0,8704.0,79
11668672-0,0.0,6363.0,90
11668690-0,0.0,3271.0,125
11669422-0,0.0,5993.0,71
11669435-0,0.0,1721.0,81
11671002-0,0.0,7128.0,109
11671339-0,0.0,14406.0,121
11672115-0,0.0,1851.0,99
11672843-0,0.0,2857.0,92
11673303-0,0.0,2721.0,113
11673649-0,0.0,12731.0,84
11674022-0,0.0,2118.0,60
11674394-0,0.0,7345.0,124
11676327-0,0.0,10244.0,88
11677102-0,0.0,2938.0,99
11677875-0,0.0,4316.0,82
11678636-0,0.0,10759.0,77
11679810-0,0.0,20976.0,95
11680923-0,0.0,2149.0,98
11681757-0,0.0,9175.0,128
11682509-0,0.0,1573.0,81
11683203-0,0.0,4381.0,112
11684421-0,0.0,3853.0,81
11685538-0,0.0,7234.0,111
11798418-0,0.0,8319.0,90
11800331-0,0.0,5486.0,77
11800379-0,0.0,2757.0,111
11801143-0,0.0,15730.0,78
11801541-0,0.0,9281.0,69
11804202-0,0.0,16949.0,135
11805344-0,0.0,472.0,59
11806157-0,0.0,3676.0,84
11809929-0,0.0,9626.0,112
11810397-0,0.0,4697.0,87
11814181-0,0.0,9751.0,98
11814926-0,0.0,1477.0,41
11817247-0,0.0,8747.0,73
11817601-0,0.0,1797.0,79
11818052-0,0.0,6365.0,127
11819181-0,0.0,8183.0,68
11820302-0,0.0,2746.0,84
11820305-0,0.0,9945.0,121
11821864-0,0.0,5514.0,82
11821908-0,0.0,4854.0,62
11824208-0,0.0,10936.0,123
11824514-0,0.0,4385.0,103
11825699-0,0.0,4354.0,96
11825752-0,0.0,13581.0,78
11827595-0,0.0,4444.0,82
11829129-0,0.0,5287.0,96
11829209-0,0.0,9078.0,89
11830713-0,0.0,1550.0,102
11832204-0,0.0,17611.0,82
11944389-0,0.0,4231.0,90
11945921-0,0.0,1803.0,80
11946297-0,0.0,5077.0,112
11947793-0,0.0,3187.0,78
11948588-0,0.0,3121.0,117
11948948-0,0.0,9803.0,135
11950517-0,0.0,11886.0,77
11950868-0,0.0,12986.0,93
11951287-0,0.0,2857.0,83
11953581-0,0.0,2950.0,80
11954336-0,0.0,3839.0,112
11955856-0,0.0,9875.0,92
11957422-0,0.0,3229.0,118
11958207-0,0.0,2748.0,78
11959690-0,0.0,11415.0,112
11962374-0,0.0,6231.0,69
11962827-0,0.0,7336.0,65
11965147-0,0.0,9352.0,88
11967032-0,0.0,7029.0,121
11967447-0,0.0,27146.0,119
11968212-0,0.0,7071.0,77
11969731-0,0.0,8252.0,83
11970885-0,0.0,9612.0,110
11972041-0,0.0,2994.0,119
11972790-0,0.0,15778.0,78
11973184-0,0.0,21804.0,115
11974679-0,0.0,5811.0,96
11975825-0,0.0,6632.0,127
11976261-0,0.0,2042.0,62
11977037-0,0.0,4405.0,117
12093341-0,0.0,1219.0,91
12096821-0,0.0,10588.0,72
12097967-0,0.0,3538.0,87
12099905-0,0.0,8593.0,79
12100628-0,0.0,7778.0,81
12103384-0,0.0,7032.0,124
12103743-0,0.0,8381.0,72
12104879-0,0.0,4638.0,80
12106804-0,0.0,1488.0,86
12111440-0,0.0,5947.0,61
12112576-0,0.0,8468.0,122
12112924-0,0.0,2770.0,115
12113362-0,0.0,7605.0,70
12119432-0,0.0,7394.0,111
12120600-0,0.0,7579.0,67
12120604-0,0.0,9728.0,121
12120667-0,0.0,266.0,44
12124075-0,0.0,3939.0,87
12124100-0,0.0,4484.0,113
12124803-0,0.0,15554.0,103
12125223-0,0.0,6629.0,72
12125638-0,0.0,4630.0,94
12125993-0,0.0,843.0,71
12239647-0,0.0,4686.0,85
12240076-0,0.0,4796.0,129
12240790-0,0.0,6247.0,88
12242727-0,0.0,5110.0,101
12242767-0,0.0,1161.0,71
12243904-0,0.0,2982.0,58
12246548-0,0.0,6301.0,73
12246580-0,0.0,5634.0,101
12247381-0,0.0,2003.0,116
12248475-0,0.0,1098.0,105
12249607-0,0.0,3643.0,117
12250015-0,0.0,1547.0,102
12251930-0,0.0,2288.0,109
12253086-0,0.0,2300.0,93
12253108-0,0.0,7924.0,82
12254293-0,0.0,12947.0,96
12255807-0,0.0,9506.0,109
12256129-0,0.0,2161.0,60
12258131-0,0.0,9592.0,119
12260017-0,0.0,5988.0,68
12264215-0,0.0,24603.0,134
12266939-0,0.0,2517.0,100
12270002-0,0.0,1634.0,89
12270397-0,0.0,13112.0,95
12271112-0,0.0,2959.0,94
12273445-0,0.0,882.0,78
12273498-0,0.0,9339.0,105
12386328-0,0.0,3283.0,68
12386355-0,0.0,8730.0,76
12390988-0,0.0,2376.0,88
12391762-0,0.0,2775.0,91
12393660-0,0.0,7362.0,64
12395215-0,0.0,6309.0,94
12396310-0,0.0,1416.0,87
12396350-0,0.0,843.0,63
12398257-0,0.0,8778.0,104
12400172-0,0.0,14389.0,32
12401337-0,0.0,2426.0,91
12402472-0,0.0,4228.0,93
12403256-0,0.0,8389.0,66
12405984-0,0.0,20403.0,173
12409732-0,0.0,5547.0,107
12410508-0,0.0,8575.0,70
12413584-0,0.0,11697.0,70
12414025-0,0.0,4230.0,89
12414035-0,0.0,6838.0,112
12415561-0,0.0,13277.0,96
12416300-0,0.0,11302.0,83
12418999-0,0.0,1317.0,61
12419379-0,0.0,7635.0,88
12419713-0,0.0,8582.0,111
12420119-0,0.0,2440.0,117
12422051-0,0.0,2497.0,87
12534195-0,0.0,2120.0,109
12534938-0,0.0,3694.0,85
12535311-0,0.0,8142.0,124
12535380-0,0.0,5326.0,67
12537623-0,0.0,3623.0,105
12538379-0,0.0,4036.0,90
12539161-0,0.0,5433.0,116
12544580-0,0.0,1589.0,102
12545288-0,0.0,4030.0,129
12545747-0,0.0,9037.0,93
12546856-0,0.0,1835.0,79
12549524-0,0.0,4698.0,125
12550366-0,0.0,9778.0,65
12551045-0,0.0,1790.0,114
12555322-0,0.0,3179.0,113
12557955-0,0.0,1482.0,86
12560287-0,0.0,8567.0,134
12562591-0,0.0,1231.0,69
12564915-0,0.0,8418.0,61
12564927-0,0.0,5732.0,125
12564948-0,0.0,5468.0,109
12565269-0,0.0,5371.0,110
12566102-0,0.0,20434.0,127
12566859-0,0.0,5867.0,80
12567209-0,0.0,7721.0,118
12568778-0,0.0,5406.0,83
12569181-0,0.0,9930.0,66
12569524-0,0.0,9131.0,70
12569864-0,0.0,5560.0,96
12682388-0,0.0,2920.0,112
12683564-0,0.0,14656.0,99
12683956-0,0.0,9654.0,93
12684337-0,0.0,6418.0,120
12688562-0,0.0,3883.0,105
12688592-0,0.0,8645.0,122
12689751-0,0.0,7116.0,73
12691629-0,0.0,1240.0,61
12696611-0,0.0,11656.0,100
12697354-0,0.0,4411.0,120
12698919-0,0.0,5907.0,115
12699295-0,0.0,2920.0,68
12699726-0,0.0,7067.0,114
12700427-0,0.0,1295.0,75
12701575-0,0.0,7097.0,108
12703581-0,0.0,2346.0,67
12704703-0,0.0,11556.0,108
12704708-0,0.0,6878.0,113
12706251-0,0.0,1493.0,77
12706599-0,0.0,6649.0,121
12708137-0,0.0,3332.0,96
12710056-0,0.0,1748.0,121
12711234-0,0.0,7281.0,80
12711618-0,0.0,3151.0,118
12714718-0,0.0,7421.0,126
12715484-0,0.0,6570.0,119
12715868-0,0.0,7467.0,118
12716175-0,0.0,2391.0,87
12830301-0,0.0,3942.0,104
12835267-0,0.0,2417.0,76
12838282-0,0.0,6694.0,70
12839041-0,0.0,9492.0,75
12842131-0,0.0,10608.0,71
12842579-0,0.0,1959.0,87
12844504-0,0.0,9157.0,80
12845989-0,0.0,4811.0,130
12847563-0,0.0,7497.0,73
12849494-0,0.0,1329.0,106
12852883-0,0.0,5483.0,88
12852934-0,0.0,6543.0,91
12853281-0,0.0,9562.0,155
12854087-0,0.0,9396.0,104
12855995-0,0.0,7991.0,69
12857183-0,0.0,10029.0,126
12857498-0,0.0,5536.0,95
12859423-0,0.0,12578.0,89
12864030-0,0.0,8029.0,107
12864430-0,0.0,13898.0,85
12976210-0,0.0,11837.0,85
12976528-0,0.0,3024.0,90
12976545-0,0.0,12257.0,96
12976599-0,0.0,7560.0,125
12978489-0,0.0,1208.0,93
12983080-0,0.0,9489.0,128
12983880-0,0.0,3799.0,119
12984651-0,0.0,4319.0,103
12985790-0,0.0,11083.0,124
12991524-0,0.0,8369.0,114
12991951-0,0.0,12625.0,77
12992671-0,0.0,6900.0,67
12994627-0,0.0,1039.0,75
12998415-0,0.0,3020.0,74
12999264-0,0.0,1029.0,63
12999610-0,0.0,4719.0,92
13001880-0,0.0,8844.0,83
13003839-0,0.0,868.0,69
13005738-0,0.0,3799.0,120
13005765-0,0.0,1178.0,72
13006129-0,0.0,5811.0,84
13006939-0,0.0,10792.0,118
13007659-0,0.0,10926.0,113
13007666-0,0.0,2306.0,126
13007677-0,0.0,18635.0,70
13008078-0,0.0,5989.0,101
13008388-0,0.0,6640.0,97
13009543-0,0.0,10627.0,89
13009622-0,0.0,19353.0,77
13011152-0,0.0,9000.0,115
13124036-0,0.0,10933.0,109
13125521-0,0.0,17148.0,126
13126282-0,0.0,7186.0,86
13127866-0,0.0,2969.0,76
13128199-0,0.0,15121.0,119
13131330-0,0.0,13655.0,92
13132067-0,0.0,7840.0,113
13132483-0,0.0,5152.0,76
13133214-0,0.0,10656.0,68
13134344-0,0.0,9385.0,87
13134724-0,0.0,2837.0,114
13134735-0,0.0,8222.0,99
13134779-0,0.0,6872.0,78
13135110-0,0.0,18441.0,74
13137870-0,0.0,2466.0,79
13139797-0,0.0,7217.0,84
13143621-0,0.0,2570.0,112
13145905-0,0.0,4312.0,107
13148967-0,0.0,7738.0,100
13152454-0,0.0,15698.0,80
13153195-0,0.0,4729.0,69
13153954-0,0.0,2106.0,130
13154365-0,0.0,3473.0,68
13155134-0,0.0,26942.0,111
13155933-0,0.0,10636.0,76
13156244-0,0.0,3755.0,111
13156246-0,0.0,12691.0,100
13157379-0,0.0,7639.0,64
13157771-0,0.0,2687.0,102
13158936-0,0.0,414.0,53
13272652-0,0.0,1051.0,72
13274160-0,0.0,3550.0,125
13277260-0,0.0,9829.0,90
13277586-0,0.0,17113.0,126
13282202-0,0.0,1738.0,77
13283416-0,0.0,9000.0,89
13285711-0,0.0,7439.0,126
13286102-0,0.0,9085.0,131
13287171-0,0.0,4879.0,114
13288719-0,0.0,6741.0,99
13288776-0,0.0,9137.0,113
13289486-0,0.0,1835.0,96
13289523-0,0.0,2170.0,115
13290312-0,0.0,5215.0,92
13290674-0,0.0,1512.0,90
13290676-0,0.0,7285.0,125
13292255-0,0.0,1278.0,92
13292583-0,0.0,2841.0,86
13292979-0,0.0,1742.0,78
13294492-0,0.0,2022.0,124
13294535-0,0.0,3990.0,107
13294542-0,0.0,1253.0,91
13296083-0,0.0,6494.0,69
13298755-0,0.0,5465.0,73
13299145-0,0.0,730.0,99
13300997-0,0.0,6757.0,88
13306833-0,0.0,1982.0,113
13307611-0,0.0,11010.0,90
13418970-0,0.0,2325.0,125
13418976-0,0.0,1967.0,93
13419704-0,0.0,3901.0,109
13420460-0,0.0,11589.0,90
13421251-0,0.0,7222.0,117
13421655-0,0.0,3570.0,114
13423491-0,0.0,3888.0,107
13424679-0,0.0,4826.0,111
13425823-0,0.0,7934.0,117
13428520-0,0.0,7134.0,94
13430091-0,0.0,3695.0,106
13434272-0,0.0,1913.0,129
13436619-0,0.0,8245.0,79
13438507-0,0.0,6697.0,97
13438870-0,0.0,2477.0,116
13441219-0,0.0,11660.0,115
13441997-0,0.0,1512.0,87
13444304-0,0.0,4666.0,118
13448876-0,0.0,8536.0,124
13449227-0,0.0,1586.0,106
13450783-0,0.0,2649.0,125
13451229-0,0.0,12353.0,121
13452734-0,0.0,6854.0,79
13453469-0,0.0,9546.0,131
13453892-0,0.0,4964.0,67
13567579-0,0.0,4435.0,117
13570233-0,0.0,12575.0,90
13571764-0,0.0,3380.0,76
13571794-0,0.0,10890.0,104
13572895-0,0.0,4498.0,85
13572948-0,0.0,14112.0,104
13573677-0,0.0,4155.0,90
13578265-0,0.0,1284.0,79
13579102-0,0.0,4072.0,83
13579790-0,0.0,11065.0,71
13580994-0,0.0,8470.0,86
13582155-0,0.0,3857.0,105
13584478-0,0.0,5896.0,128
13585161-0,0.0,5578.0,75
13586692-0,0.0,7000.0,128
13586705-0,0.0,6801.0,75
13587894-0,0.0,1487.0,86
13591348-0,0.0,5429.0,84
13593253-0,0.0,4705.0,108
13593273-0,0.0,5399.0,107
13593612-0,0.0,6860.0,116
13595186-0,0.0,2292.0,84
13595542-0,0.0,8205.0,117
13595983-0,0.0,6315.0,85
13597116-0,0.0,2913.0,73
13599364-0,0.0,8326.0,72
13599365-0,0.0,2245.0,118
13600594-0,0.0,6361.0,124
13602072-0,0.0,6898.0,67
13602439-0,0.0,19085.0,119
13602447-0,0.0,5810.0,81
13714570-0,0.0,11679.0,124
13714643-0,0.0,5939.0,73
13714955-0,0.0,2372.0,111
13718052-0,0.0,5058.0,115
13718089-0,0.0,10978.0,108
13719965-0,0.0,32121.0,68
13721909-0,0.0,3687.0,102
13723417-0,0.0,8338.0,113
13723424-0,0.0,9293.0,72
13724630-0,0.0,5919.0,73
13727684-0,0.0,6904.0,118
13731142-0,0.0,7059.0,75
13731467-0,0.0,7378.0,73
13731911-0,0.0,8419.0,79
13732307-0,0.0,14993.0,112
13733775-0,0.0,504.0,89
13734552-0,0.0,13181.0,113
13734948-0,0.0,1834.0,94
13735380-0,0.0,16424.0,79
13737658-0,0.0,7226.0,118
13738834-0,0.0,11307.0,73
13743781-0,0.0,7290.0,121
13746125-0,0.0,6308.0,112
13860924-0,0.0,5393.0,92
13862473-0,0.0,12191.0,65
13862794-0,0.0,14508.0,124
13864030-0,0.0,2743.0,122
13864745-0,0.0,10724.0,125
13866686-0,0.0,5080.0,118
13872393-0,0.0,1049.0,59
13872459-0,0.0,4400.0,105
13877016-0,0.0,6855.0,72
13877833-0,0.0,4803.0,83
13879313-0,0.0,3731.0,108
13880512-0,0.0,7925.0,113
13885101-0,0.0,5478.0,131
13885875-0,0.0,1504.0,103
13886246-0,0.0,5235.0,97
13886273-0,0.0,3957.0,93
13890111-0,0.0,4712.0,120
13890494-0,0.0,10511.0,121
13891672-0,0.0,9293.0,119
13892412-0,0.0,6061.0,121
13893170-0,0.0,3787.0,79
13893209-0,0.0,3591.0,121
13896209-0,0.0,10892.0,99
14012579-0,0.0,8130.0,71
14012593-0,0.0,6734.0,84
14013320-0,0.0,437.0,85
14013408-0,0.0,2597.0,95
14014132-0,0.0,9842.0,80
14014151-0,0.0,14337.0,120
14015712-0,0.0,6862.0,112
14016860-0,0.0,6665.0,85
14019100-0,0.0,6106.0,107
14021455-0,0.0,15567.0,116
14023767-0,0.0,6489.0,114
14024072-0,0.0,1363.0,119
14024890-0,0.0,9322.0,94
14024900-0,0.0,9754.0,126
14024913-0,0.0,12850.0,155
14025307-0,0.0,740.0,85
14025645-0,0.0,3100.0,125
14028689-0,0.0,2043.0,106
14029505-0,0.0,1455.0,94
14029893-0,0.0,5330.0,114
14033683-0,0.0,2063.0,75
14035266-0,0.0,28192.0,77
14035983-0,0.0,2446.0,75
14036783-0,0.0,13879.0,100
14037568-0,0.0,3353.0,113
14037920-0,0.0,11670.0,85
14040984-0,0.0,9607.0,128
14041348-0,0.0,8025.0,136
14043653-0,0.0,4941.0,96
14044109-0,0.0,2934.0,88
14044116-0,0.0,1117.0,37
14044474-0,0.0,11652.0,74
