barcode,UMAP1,UMAP2
9-0,18.452047,9.200706
409-0,10.976996,7.638018
2694-0,10.557506,9.740097
2741-0,17.077461,14.690898
4287-0,18.862923,9.021086
4670-0,-1.8426462,12.702397
4682-0,13.186146,10.875998
5442-0,12.213894,17.105986
6226-0,12.088208,7.8795996
6611-0,19.154787,9.422439
9279-0,21.188587,9.1617155
10056-0,16.771513,14.584173
14270-0,19.032305,6.8332715
16524-0,11.7374325,12.494303
18839-0,20.147842,11.077137
20061-0,19.864986,7.327827
22708-0,9.238231,11.2656765
23445-0,10.0702915,13.029202
23852-0,19.84014,11.853843
23898-0,20.746637,8.420744
24665-0,11.745888,9.893495
25015-0,10.370544,9.251865
26967-0,17.917341,11.428257
28803-0,11.927861,15.327842
30385-0,13.0038395,12.253157
31922-0,18.859444,9.470714
33794-0,9.089728,8.98981
35019-0,12.316899,16.40083
36496-0,11.123433,15.962703
149830-0,11.579679,12.264592
152480-0,19.416353,11.085626
152877-0,11.531154,8.955368
155147-0,10.940074,-0.09528248
155223-0,12.493989,15.141655
157913-0,19.034948,10.1007185
158612-0,11.682827,12.376174
158688-0,19.33436,9.670493
160952-0,10.711257,7.8917217
162527-0,15.944299,15.049925
164741-0,20.564867,12.285987
165568-0,9.857884,13.084222
165929-0,-1.1752434,12.5961895
165954-0,19.589966,9.33781
169435-0,15.880186,14.072284
169817-0,20.993084,10.238075
172458-0,-2.421115,13.013685
172888-0,11.571292,8.353965
174781-0,17.574453,9.409823
175186-0,11.096693,17.294573
178252-0,21.0085,10.649956
178947-0,10.417361,15.225804
180098-0,13.17839,16.71982
181315-0,19.101986,10.900064
182453-0,16.301874,8.200102
295311-0,16.086205,11.604378
295717-0,11.709857,14.9907465
296139-0,19.085312,11.41459
296918-0,18.96988,9.541782
297632-0,12.402364,10.468112
299528-0,12.751989,12.225425
299577-0,12.580738,16.053663
301483-0,18.806755,6.553932
301861-0,9.71205,8.705247
301875-0,10.8257885,15.447918
303064-0,13.124451,13.684782
303766-0,18.217436,6.92049
303802-0,10.856876,12.050711
305315-0,11.17464,16.59797
308789-0,20.03688,10.039514
309526-0,18.24825,7.136345
309566-0,17.131975,14.074276
312278-0,10.879077,15.552187
313408-0,11.117411,10.64531
313744-0,-2.8086376,10.322255
314143-0,18.14702,8.611842
314146-0,19.551968,11.031286
316491-0,17.193155,14.9815855
317584-0,10.404705,9.507608
317964-0,9.675045,9.164702
319923-0,18.635273,7.1541677
319930-0,10.083968,13.026525
323002-0,19.471453,9.669617
323362-0,11.474646,8.331238
324877-0,18.994457,10.380663
327191-0,17.741058,8.48545
328394-0,9.456529,12.462142
442782-0,9.9567585,8.8827305
442783-0,21.184063,9.429084
443209-0,17.15799,11.314743
447410-0,17.346724,14.317308
447425-0,20.320847,10.984756
447835-0,10.066957,10.324127
448203-0,18.49959,7.8572516
449677-0,-1.9753236,10.498041
452040-0,10.968231,-0.0056504495
452365-0,12.559926,16.9164
452790-0,10.691986,9.036144
462403-0,10.278061,9.125245
464652-0,10.339964,10.476636
467770-0,17.694588,15.087633
470817-0,-2.1099024,10.15305
590986-0,18.904594,8.255764
591790-0,12.06865,14.768265
591800-0,18.504444,11.010969
592145-0,12.195118,13.215686
594128-0,19.726824,12.354905
595215-0,9.845519,14.484109
596428-0,18.14916,11.927082
597907-0,21.290165,8.99973
598314-0,20.065191,12.500597
599067-0,17.33384,14.598237
599879-0,17.61335,7.501559
600624-0,9.562123,8.497869
600970-0,-2.0688393,10.254269
603305-0,11.681521,8.014908
607930-0,10.921011,13.726835
609446-0,20.39603,8.431508
611352-0,11.763984,8.054072
614787-0,11.69139,12.031543
616372-0,11.984833,9.434028
616767-0,17.287962,7.347658
617880-0,19.144989,9.188614
618272-0,14.175297,11.590817
619454-0,12.4271145,17.506607
620574-0,12.854056,11.531583
620994-0,16.789791,15.582953
622873-0,10.212249,7.9596496
622923-0,18.3015,9.599069
623265-0,9.809763,10.226343
625231-0,9.648281,12.861137
625561-0,-0.26439115,10.5494175
625625-0,18.65876,11.6983185
625922-0,10.859294,8.335905
626322-0,20.588142,9.423351
738868-0,20.155315,6.86594
738883-0,11.93234,18.377165
739661-0,17.486307,15.732305
739671-0,16.297487,14.107178
740438-0,10.356627,15.477184
741143-0,-1.321924,12.603409
741540-0,19.670715,6.9084973
741596-0,9.7987385,8.786018
741904-0,9.150861,10.083375
743482-0,12.603894,10.982853
745007-0,17.491056,15.40119
747335-0,12.676878,10.512163
747662-0,10.94764,15.137329
748421-0,-1.8798991,12.796236
749634-0,12.240035,12.798393
750730-0,18.748985,6.5868073
751917-0,17.236603,7.798586
753468-0,12.228093,13.206225
753832-0,19.967684,8.66367
755782-0,10.083669,13.213988
756483-0,9.064939,8.762198
760326-0,16.494562,11.384358
763840-0,10.868297,14.488492
766509-0,12.23388,13.191042
769941-0,17.6548,8.534466
770320-0,17.466242,8.105007
771106-0,-2.3247826,9.964876
771114-0,16.86878,14.89779
771504-0,12.525824,11.778867
886696-0,19.903667,12.326715
887089-0,18.00377,8.727214
887090-0,17.551455,8.703175
887491-0,-0.01793548,12.167252
887857-0,20.262712,8.889871
890906-0,12.72421,17.585506
892824-0,18.981724,8.5110655
895161-0,12.049608,18.146427
896259-0,20.231403,8.808265
896332-0,18.802162,9.97359
897467-0,11.118866,12.13281
898580-0,12.315276,14.372284
898990-0,19.687916,11.772973
899765-0,-2.4081352,12.689121
900919-0,16.406141,11.312844
903984-0,-2.9326,10.187392
904783-0,20.277122,9.041392
906633-0,13.700791,10.848023
910505-0,11.109254,15.184072
911271-0,11.924029,9.426743
913614-0,20.53357,11.1285095
915853-0,17.93806,10.672962
917417-0,11.40926,15.193667
917432-0,20.821943,8.309841
920149-0,11.350445,12.529435
920505-0,15.395364,10.755204
921245-0,11.287043,14.400722
1033049-0,10.517938,7.322479
1033746-0,18.91159,6.4631805
1035324-0,10.520448,11.394633
1035720-0,12.995076,11.948827
1036861-0,20.064741,8.854086
1037269-0,12.121891,13.978108
1039539-0,10.68381,16.082497
1043353-0,13.137836,11.5039015
1043356-0,12.4005165,11.711191
1044536-0,11.317261,10.42564
1045657-0,12.8638735,11.81667
1046445-0,12.7608185,17.098726
1047998-0,18.882555,7.120932
1048004-0,12.245785,16.33274
1050271-0,13.223239,10.6427355
1053774-0,20.592169,11.655178
1055622-0,18.946644,12.094718
1056387-0,11.443977,10.418604
1057192-0,12.87687,16.13471
1058002-0,13.032912,11.278031
1059163-0,11.119918,11.33634
1060647-0,20.36808,11.303139
1060656-0,17.341661,15.79337
1061084-0,11.537622,11.670733
1061441-0,19.454754,11.758827
1061765-0,11.484433,9.840672
1065262-0,11.921395,13.607094
1066831-0,17.201778,12.566143
1068368-0,11.420065,13.237132
1179702-0,17.505993,15.680558
1183577-0,-1.4056093,12.594842
1185088-0,10.048975,10.525089
1185431-0,10.984453,15.083369
1185468-0,12.151678,10.907256
1186607-0,10.475908,9.604866
1186950-0,18.63191,8.4620695
1187003-0,10.572583,10.447118
1190838-0,1.0972619,11.03835
1191979-0,10.926348,9.0433035
1193089-0,19.77904,9.538224
1196229-0,13.77431,11.100591
1197704-0,12.931816,16.193937
1198163-0,12.506845,14.290084
1208865-0,9.623657,11.979885
1209250-0,13.255838,14.063469
1209622-0,18.772366,11.354289
1209645-0,0.76548404,11.245656
1210019-0,-3.3566387,12.847212
1211167-0,13.22786,10.890953
1211228-0,17.488724,14.796274
1211910-0,12.492932,18.119015
1212731-0,9.850833,13.009867
1214304-0,12.89079,13.480689
1215833-0,18.998018,7.8434777
1328294-0,11.643386,11.887704
1329106-0,12.862057,11.269942
1329113-0,10.602916,10.150328
1329473-0,11.828265,17.806973
1329816-0,11.229938,10.132081
1330594-0,11.321265,7.9072723
1330956-0,17.383467,11.202867
1330967-0,10.1197815,12.802184
1331024-0,14.048832,10.571738
1331392-0,9.687281,10.83968
1332568-0,10.994719,14.747029
1332884-0,13.460314,11.6342125
1333663-0,17.510216,6.974283
1334486-0,19.411661,10.41914
1334829-0,18.978603,10.005144
1337158-0,18.543423,7.874174
1338659-0,20.282635,12.380153
1339820-0,9.771406,9.846919
1340201-0,20.035294,10.512748
1340229-0,9.530991,12.568805
1340633-0,20.288347,10.094832
1340638-0,12.007789,12.654543
1341004-0,19.82657,9.881292
1341739-0,20.384306,10.439818
1342090-0,-2.4683318,10.0928955
1342133-0,19.838171,11.048782
1342890-0,13.805179,11.092884
1344809-0,17.124603,15.666491
1345970-0,13.925072,11.269102
1346745-0,12.330354,9.711424
1347075-0,20.434904,10.570609
1347913-0,11.401098,8.629838
1350202-0,-2.0536387,12.972402
1351703-0,18.43055,10.592253
1354764-0,17.419844,14.101274
1356302-0,13.032765,16.374603
1356687-0,20.605612,11.106295
1357524-0,18.420034,9.042882
1360572-0,18.410063,6.9788637
1362087-0,10.435857,15.269293
1476943-0,18.154125,11.734916
1478024-0,12.652207,15.798221
1479630-0,19.266129,12.167947
1481521-0,10.543174,14.87906
1482302-0,-2.3412702,10.059692
1482627-0,17.010523,13.924762
1484567-0,11.329141,14.750421
1484985-0,12.200582,12.460688
1487317-0,17.718071,7.9383698
1489203-0,20.913755,9.334978
1489561-0,13.339623,11.409308
1489952-0,20.254137,10.018572
1490353-0,10.931304,8.885386
1491500-0,20.530796,9.505978
1492684-0,1.0616024,11.269458
1494566-0,20.602377,8.272057
1497269-0,20.572624,10.480104
1502623-0,19.311024,11.077566
1504901-0,20.486212,9.424117
1505333-0,19.920166,10.538635
1505352-0,19.099344,11.724578
1506127-0,18.61423,7.5636306
1506864-0,12.250238,18.226845
1507263-0,11.270273,12.307219
1507644-0,16.489517,15.215792
1507665-0,18.247652,10.823734
1508023-0,11.041191,12.398026
1509167-0,12.795788,10.368333
1510691-0,19.98857,10.765761
1624321-0,10.932197,11.550469
1625535-0,12.268833,16.720747
1626662-0,16.850126,15.587447
1626670-0,19.320747,11.074427
1629339-0,16.564966,15.406356
1632003-0,14.908306,11.061648
1632387-0,-0.050822817,10.46687
1632431-0,12.511471,16.221912
1634340-0,19.629057,7.9791746
1635860-0,-0.5576494,10.73644
1639358-0,9.938124,12.646355
1639697-0,17.416462,11.140675
1640148-0,-1.6693182,13.006934
1643990-0,-2.678967,10.483646
1644707-0,10.393692,13.130936
1646632-0,20.463112,8.120205
1646658-0,10.693294,14.919672
1647014-0,20.534657,8.121929
1647812-0,17.972513,11.30202
1648153-0,18.914354,7.1755567
1648172-0,11.007265,11.751555
1651603-0,18.667574,8.12886
1653179-0,18.354204,8.537823
1656613-0,10.381361,12.655933
1657802-0,-2.7340481,10.103462
1658113-0,19.766676,8.637263
1658131-0,18.59997,7.757531
1770701-0,20.027126,7.10472
1773313-0,20.073717,11.659701
1779100-0,16.3514,15.011109
1779866-0,12.915496,14.455504
1780249-0,16.630127,14.213546
1785246-0,17.606058,14.188004
1785311-0,20.439867,9.730912
1788701-0,19.436665,12.460841
1788725-0,18.231243,11.220488
1789094-0,-1.3943934,11.531791
1793319-0,14.690166,9.841457
1793322-0,9.004108,11.635937
1793728-0,16.742392,14.358309
1794123-0,16.98209,13.925356
1795251-0,20.95502,8.653699
1795255-0,15.667266,11.10269
1796013-0,10.034731,8.3681965
1796432-0,13.060811,17.746412
1796743-0,12.379968,9.335087
1797154-0,10.638005,12.842853
1797954-0,11.939893,9.941773
1797977-0,12.74134,17.779577
1798713-0,20.639078,10.847856
1798730-0,10.726729,10.356296
1799091-0,11.933612,18.509708
1800987-0,-1.4379562,13.041466
1801383-0,19.54451,10.350741
1804084-0,17.759415,10.97637
1805606-0,10.538047,14.945681
1805991-0,17.444786,14.907961
1917396-0,19.30599,7.4067507
1917772-0,13.649604,11.140457
1918494-0,18.968937,6.783636
1918913-0,9.984279,10.429512
1919274-0,11.737587,12.731642
1925020-0,-2.6146355,10.224646
1926615-0,10.897059,-0.03070345
1927391-0,10.940996,0.026817847
1928859-0,18.41878,10.180453
1931155-0,21.030512,8.00346
1931564-0,-1.3721328,10.94798
1931567-0,21.189737,11.90518
1933508-0,18.964132,7.8937783
1935437-0,12.414019,8.893904
1936172-0,21.093588,8.9835005
1936204-0,12.309833,18.531721
1937731-0,12.741818,13.688678
1938051-0,11.412378,10.578483
1941517-0,11.122779,9.325696
1942324-0,20.626608,10.801124
1943085-0,10.949506,11.054476
1943818-0,17.710138,11.800117
1944636-0,21.196285,9.174848
1945749-0,10.276683,13.258579
1946919-0,9.310292,9.359317
1947710-0,9.805813,8.687719
1948803-0,18.341402,9.236303
1950382-0,18.62774,12.574614
1950395-0,12.302334,16.25017
1951491-0,-2.203133,13.011594
1951528-0,11.875122,7.94407
1952306-0,10.3152075,12.010425
2064797-0,11.026154,14.658817
2065237-0,18.008665,8.001
2065978-0,12.190043,11.723528
2067090-0,20.22187,10.87341
2067881-0,11.950068,14.693428
2072928-0,20.843102,10.851146
2073235-0,18.587503,11.132654
2075167-0,10.250425,15.053502
2075597-0,20.96923,8.159624
2078601-0,13.290795,16.980595
2079069-0,10.533211,8.74753
2082818-0,8.8366375,11.542657
2086285-0,10.690123,12.144711
2086321-0,12.986404,10.747514
2091729-0,21.036123,11.400754
2094009-0,17.961786,10.994348
2095172-0,17.443058,10.5491905
2096729-0,17.293983,9.902528
2097488-0,20.914942,11.669979
2098201-0,16.806715,11.425563
2212271-0,11.026242,9.356976
2214992-0,13.24001,10.299666
2218836-0,18.649502,6.823096
2219569-0,16.382381,9.596155
2219945-0,10.789553,10.235494
2220350-0,12.168943,12.772353
2221077-0,9.019079,11.217311
2221121-0,20.076347,11.638966
2221534-0,-3.2845953,12.328892
2223025-0,17.211756,15.121489
2225699-0,19.225504,10.80296
2225702-0,10.825667,15.503868
2226524-0,17.216223,15.886191
2227293-0,21.1601,8.999298
2228781-0,13.282224,16.86837
2229143-0,11.282045,8.823304
2229522-0,13.341574,17.179764
2229594-0,11.655144,9.293073
2229965-0,20.688887,11.990573
2233000-0,11.440464,12.290413
2234139-0,20.691067,12.025132
2234902-0,17.40179,7.8973255
2235351-0,18.497622,12.619124
2237591-0,20.570457,11.400621
2241794-0,18.802355,12.424071
2243799-0,18.053009,11.781302
2245657-0,11.145867,8.925541
2245702-0,13.593872,10.192853
2360914-0,10.356959,13.490071
2362070-0,12.533592,10.051684
2363192-0,19.034548,10.711219
2366211-0,18.216408,9.007884
2368979-0,12.919578,17.436382
2369355-0,20.070234,7.004388
2370520-0,-0.66418886,10.591091
2370871-0,12.749348,17.815166
2372004-0,12.406085,14.951864
2373573-0,21.148378,10.429795
2375045-0,9.900643,11.275779
2376584-0,13.936549,11.972144
2377431-0,16.98142,14.233203
2377730-0,19.404367,12.125408
2377731-0,12.044667,9.199533
2378898-0,12.680088,14.854316
2381998-0,19.50084,11.120585
2383160-0,17.984196,6.9231806
2385426-0,11.837356,18.251505
2386622-0,11.07432,7.9404182
2388191-0,18.73076,10.341982
2389289-0,-1.2045765,12.832344
2389635-0,20.030348,10.011284
2390451-0,12.091778,17.047775
2390868-0,18.90874,10.289857
2394303-0,10.947162,9.094681
2395810-0,10.080734,15.383432
2506761-0,20.706757,11.385925
2506808-0,11.602328,13.099242
2507191-0,11.97679,8.627497
2510994-0,19.422804,9.173808
2512541-0,19.847887,12.207763
2514510-0,11.329915,14.6015005
2514515-0,11.559933,14.896248
2514842-0,11.92085,9.766931
2514898-0,16.823668,12.533166
2514906-0,11.898637,10.632228
2515259-0,17.945423,8.161052
2515665-0,-2.7792542,12.158407
2520245-0,19.4305,10.868387
2520260-0,-1.8356465,12.714953
2520618-0,18.723793,6.3688483
2521771-0,17.678505,9.2625885
2523660-0,18.531225,9.666576
2525622-0,-1.1839305,11.205191
2526432-0,13.183298,12.104585
2526748-0,11.336102,15.3554
2527498-0,-2.7394078,12.852796
2528731-0,19.775658,12.131074
2530218-0,11.723556,10.31126
2530638-0,18.29881,7.815328
2531338-0,10.773493,12.114096
2531747-0,11.023415,11.069679
2532560-0,19.1054,9.771376
2532887-0,-1.0631428,10.668362
2533269-0,18.761768,9.994435
2534452-0,12.340903,10.99903
2537119-0,19.845655,10.195452
2539787-0,10.540543,12.310396
2540623-0,11.469058,14.728593
2654233-0,9.580491,8.459652
2655376-0,17.325848,10.979784
2655422-0,11.833492,12.263819
2657319-0,17.795858,8.969221
2660790-0,-1.3278,12.766231
2661519-0,19.780066,11.18848
2662751-0,11.292574,18.021334
2664992-0,19.503683,11.148533
2665779-0,16.291897,14.857741
2666916-0,17.595404,14.715328
2667725-0,10.599487,9.215945
2668078-0,13.177704,11.9913845
2668101-0,18.837673,9.283167
2668451-0,19.988928,12.339226
2668891-0,10.907419,17.119226
2670742-0,13.098264,17.065142
2672305-0,18.788328,8.094007
2672719-0,18.947592,11.456115
2673885-0,13.877942,10.6363325
2676867-0,10.691862,15.623462
2678437-0,18.766665,9.430199
2679248-0,19.60696,7.2619314
2679252-0,20.690672,10.65743
2680743-0,-2.5917513,12.67787
2681102-0,16.436836,14.554437
2681113-0,10.052346,13.189374
2683455-0,-0.5557982,10.596787
2684552-0,17.649982,7.093357
2684623-0,16.63719,15.079686
2685325-0,10.263586,10.620215
2687702-0,13.113869,17.402897
2689201-0,10.636498,15.471222
2689931-0,9.687575,11.686531
2804039-0,19.85419,9.163206
2804355-0,9.407885,11.257608
2804753-0,19.928158,10.77474
2805145-0,10.94379,9.448949
2805179-0,20.701866,9.573263
2805181-0,11.01756,12.623905
2807447-0,9.995047,9.356451
2809397-0,-2.176833,10.045092
2809783-0,19.271729,7.062716
2809817-0,-1.5348474,10.7351465
2810554-0,20.394327,7.274508
2811331-0,12.945146,10.681545
2811348-0,11.548304,15.24209
2812496-0,20.513874,9.570641
2813631-0,12.611025,10.481271
2814037-0,11.932427,14.876415
2816676-0,12.22989,9.841723
2817821-0,12.867795,10.83113
2827023-0,20.635738,10.266902
2827033-0,11.769794,13.949842
2827796-0,11.448255,7.2970886
2831261-0,11.53497,10.693687
2831307-0,12.06703,18.528408
2831696-0,17.530489,9.801185
2833188-0,12.655189,16.143366
2833569-0,12.6930895,16.428638
2834338-0,18.772192,10.302356
2836701-0,18.560017,11.680231
2838202-0,9.759692,10.265738
2949146-0,10.439357,11.595718
2949551-0,21.516256,10.614188
2949598-0,16.208742,10.886893
2950314-0,-1.635907,10.551699
2951863-0,18.09371,11.358238
2951886-0,21.401989,10.327884
2951888-0,10.5340805,12.771034
2953733-0,11.221656,8.750083
2953824-0,17.66059,11.502573
2954973-0,18.370483,7.662428
2955307-0,19.992653,8.564458
2958768-0,10.613515,8.183673
2959148-0,12.168699,12.258006
2959174-0,12.4550295,10.659695
2960258-0,9.302709,12.413463
2962631-0,19.64184,11.432352
2966853-0,19.276196,10.405261
2967212-0,13.031378,16.855364
2967259-0,20.869524,11.136407
2968799-0,12.233099,11.916146
2971815-0,20.149355,11.9479885
2972991-0,18.031013,10.136016
2973768-0,10.243347,11.405143
2974124-0,12.364918,15.619845
2974135-0,12.6002,17.610373
2976857-0,17.807943,12.057906
2977618-0,10.718681,10.446207
2981774-0,13.4104185,16.913836
3098536-0,19.19174,10.778409
3099316-0,13.2941675,17.229992
3102008-0,12.766433,16.850296
3103170-0,15.872304,10.295567
3107016-0,11.969443,12.144321
3108180-0,18.075668,10.974075
3109286-0,17.285961,8.745405
3110043-0,20.27592,7.470838
3118176-0,12.473055,12.104133
3118864-0,12.100425,14.59854
3120796-0,17.593544,11.14636
3124226-0,16.844614,13.353193
3129650-0,10.6618595,11.639597
3131183-0,10.127867,8.603159
3131569-0,13.571925,10.9984
3244050-0,19.38613,7.1156473
3244440-0,16.480135,11.144856
3247107-0,12.0055685,8.835144
3248701-0,16.922264,15.817511
3249498-0,16.127848,14.876878
3250583-0,12.743889,10.166203
3251368-0,20.274012,10.749569
3251760-0,10.094534,15.350394
3253278-0,10.7011595,8.128115
3253670-0,9.990299,10.040726
3254019-0,19.685104,9.874531
3254463-0,17.952538,10.033413
3255598-0,12.475852,14.502807
3258688-0,20.169844,11.204832
3260228-0,12.571899,17.311605
3260604-0,15.171504,11.330552
3261365-0,19.162462,7.6933
3261734-0,17.188692,14.778269
3263627-0,11.742678,10.808204
3263642-0,17.413578,15.516522
3265242-0,11.469345,10.615271
3267090-0,13.214341,10.092065
3267498-0,18.927015,12.097957
3269800-0,12.630557,16.146008
3274392-0,20.56383,11.471803
3275543-0,-1.2067798,10.735856
3277914-0,19.410845,10.83415
3279044-0,10.658797,17.234348
3279815-0,18.819843,9.946384
3393119-0,16.493734,15.301771
3395750-0,12.892989,17.59288
3396508-0,19.938856,9.974286
3397276-0,10.461183,13.009813
3397337-0,19.024805,8.711974
3397342-0,12.804545,16.172113
3397670-0,21.124773,11.49313
3399210-0,11.762757,18.840126
3400334-0,11.915145,16.869986
3400757-0,20.680779,8.600092
3404616-0,19.742363,12.443559
3404636-0,17.548046,9.290795
3406146-0,9.660942,8.645778
3408029-0,11.7527485,14.648423
3409209-0,10.475539,12.150588
3413422-0,12.231548,10.171138
3413449-0,13.689414,10.2733135
3414936-0,19.299072,9.829723
3415695-0,19.97763,9.488787
3416474-0,13.311757,11.855758
3416886-0,17.646902,9.980396
3416894-0,17.282204,9.266983
3416907-0,20.215446,12.306695
3417626-0,15.935722,11.441877
3418772-0,19.10273,10.940421
3420329-0,10.447851,11.771168
3420728-0,11.6660795,16.891367
3423363-0,13.136306,12.449422
3424596-0,19.361181,10.998364
3426073-0,10.2478895,13.137651
3426517-0,10.018943,12.048807
3426862-0,19.670078,12.103963
3426876-0,19.015625,10.828695
3543264-0,11.464647,8.441534
3544327-0,10.593661,14.716316
3544776-0,8.8460655,11.996233
3545923-0,14.707255,11.379999
3549340-0,-1.4009472,11.201892
3551622-0,20.134907,9.005349
3553576-0,16.67467,14.071002
3555492-0,12.814126,16.77081
3556285-0,0.26030943,12.248509
3558173-0,17.695034,7.3958116
3559364-0,-0.80709964,11.084518
3559750-0,11.452062,7.7569337
3560133-0,11.905638,18.52167
3562769-0,16.256958,14.9243
3563615-0,17.790184,9.487883
3563961-0,16.536713,8.339955
3564307-0,20.06501,9.25431
3564724-0,20.942228,10.448452
3567835-0,10.083469,14.481067
3568147-0,17.784689,10.181557
3568554-0,11.251179,11.1779375
3570848-0,13.551554,11.598496
3571989-0,10.841101,15.078714
3573893-0,10.980382,16.169226
3574278-0,13.91174,10.202281
3686475-0,11.753183,9.621113
3688788-0,10.971119,11.99417
3689897-0,13.186616,12.144221
3692226-0,11.1876745,14.882985
3694521-0,11.486545,15.718226
3694559-0,9.1291275,9.392794
3694933-0,10.58315,17.150839
3696081-0,10.41892,14.638497
3696814-0,12.204352,13.282129
3700670-0,16.66942,8.333788
3701017-0,16.294085,13.344969
3701052-0,19.8711,9.729972
3701400-0,13.262256,12.034729
3701855-0,12.661993,16.200888
3702151-0,19.42202,11.453809
3702173-0,20.027315,12.1589775
3707604-0,17.7437,15.431452
3711021-0,17.444592,12.189691
3711032-0,11.309607,8.323287
3711381-0,0.96682364,11.544477
3712599-0,9.967781,8.730201
3713282-0,10.505649,14.521771
3716411-0,-2.755898,12.039256
3717898-0,20.03044,11.161449
3718357-0,17.231253,14.163097
3719047-0,12.788448,14.152173
3719050-0,10.111156,12.224495
3719477-0,10.861134,14.566028
3720254-0,12.571432,10.742161
3722505-0,10.807937,10.373501
3722565-0,-0.26544082,10.339975
3834287-0,18.682375,10.769701
3838915-0,13.355878,11.738817
3844281-0,-2.3758287,12.870527
3845007-0,17.855715,9.81198
3847721-0,13.156775,9.989818
3848153-0,18.186337,11.167181
3848895-0,17.653763,12.215465
3848924-0,18.290525,6.71198
3850420-0,10.952701,14.979916
3851189-0,18.325264,11.013746
3853058-0,12.220625,10.096952
3853495-0,20.818298,10.594972
3854232-0,11.695178,10.522897
3857694-0,9.390186,10.376936
3858118-0,20.941,8.372003
3859607-0,20.979626,9.392791
3862742-0,16.142218,14.906559
3867687-0,17.363478,15.101105
3868824-0,-1.7459537,10.946863
3868879-0,20.847214,11.99661
3869263-0,19.171106,9.696781
3984002-0,10.114032,13.551363
3984827-0,12.950804,17.33063
3985204-0,13.892279,10.916043
3986329-0,11.802884,8.309707
3989052-0,0.26791915,12.322573
3991722-0,0.80449253,11.179927
3992094-0,17.140785,13.058898
3992159-0,20.913641,8.0998745
3992536-0,18.078497,12.119684
3994387-0,13.98926,11.260102
3994425-0,11.621719,13.344936
3994803-0,17.350433,15.682
3996703-0,11.858299,18.782658
3996767-0,13.012643,10.106817
4000969-0,10.428557,11.649275
4001321-0,18.391092,11.21201
4001335-0,18.279387,7.721639
4001374-0,-2.3112216,10.14291
4002439-0,17.197693,9.323208
4003262-0,10.359435,8.486198
4003611-0,11.245864,8.945151
4003663-0,11.24964,9.977127
4004443-0,20.65396,10.547542
4007867-0,19.659883,10.170747
4008243-0,0.316786,12.372694
4010886-0,21.184412,8.395433
4012431-0,11.929059,7.846465
4017462-0,12.506401,10.198832
4129949-0,-2.2334917,12.784353
4132225-0,11.082512,17.674828
4132289-0,17.659475,8.174743
4135728-0,18.927975,11.284525
4136513-0,15.575623,11.250396
4136886-0,20.045748,7.9799256
4138757-0,11.509761,9.440245
4139191-0,8.705563,11.849578
4141065-0,20.026852,9.182683
4141836-0,-1.5458299,10.672235
4145758-0,13.239723,11.631321
4146060-0,-2.6446924,12.756777
4147643-0,-2.3038583,13.00098
4160335-0,16.845068,11.31969
4161865-0,12.7878895,17.554962
4164189-0,18.73919,8.805996
4165273-0,18.574265,10.632488
4276699-0,0.7459647,11.147197
4277406-0,11.96894,18.605942
4278613-0,9.57111,12.703108
4279303-0,10.56239,8.164537
4279774-0,10.131319,15.598229
4280131-0,11.926212,9.519466
4280451-0,11.007095,10.553373
4284740-0,13.56418,10.356741
4285857-0,19.839571,12.114322
4293889-0,11.157133,12.793057
4295098-0,20.251955,9.711432
4295099-0,17.094585,8.34149
4295432-0,11.480475,7.8905454
4295859-0,12.744028,11.008803
4295885-0,10.644406,16.764063
4298180-0,18.812489,10.426337
4299673-0,17.440666,7.380102
4300058-0,15.45406,11.030015
4300458-0,19.147192,10.098023
4300467-0,0.2696094,11.905141
4301658-0,18.03173,12.118083
4302347-0,17.813868,9.789131
4304735-0,10.168386,8.764555
4305826-0,16.513592,15.207142
4306972-0,16.64264,14.8864355
4307409-0,14.102063,10.989371
4307808-0,-1.9478506,10.403608
4309284-0,17.618832,12.763639
4309651-0,-2.5640113,11.048756
4311197-0,12.042711,17.55014
4423694-0,17.42293,15.939841
4425637-0,11.050867,-0.023780493
4426075-0,11.663364,13.559902
4429129-0,12.913547,13.995248
4430221-0,19.756544,12.332279
4431060-0,13.437004,10.642373
4434104-0,17.065,15.099327
4435598-0,10.305232,8.516265
4435608-0,19.704664,9.632543
4436786-0,-2.7789438,12.993618
4437579-0,12.098665,8.968437
4441767-0,20.74737,8.534714
4442136-0,12.31563,10.922325
4443342-0,11.968521,9.004971
4444473-0,12.483256,11.361956
4446367-0,20.351492,9.1516
4446797-0,20.756075,10.467908
4451759-0,11.431706,16.55736
4452166-0,9.616223,11.801992
4452933-0,9.760428,8.430392
4453252-0,12.883771,17.735455
4454480-0,18.41799,11.723606
4456755-0,10.129516,12.567191
4457505-0,10.327801,15.573088
4457562-0,19.032892,11.4394655
4571610-0,17.36004,9.917875
4571934-0,-0.6884733,10.737756
4571941-0,18.437103,10.141245
4571998-0,16.788235,14.533022
4573523-0,9.640035,8.150001
4576549-0,10.460666,9.606435
4578105-0,11.509482,12.483518
4584282-0,-2.8598173,10.332899
4586941-0,12.895744,12.649781
4587685-0,11.318098,17.74927
4590386-0,19.585766,9.565596
4590418-0,20.901873,8.013479
4590732-0,10.294024,12.459733
4592280-0,19.602213,7.210809
4595001-0,20.991608,9.346233
4596151-0,12.246378,16.735826
4598819-0,18.256378,10.373079
4599942-0,17.20185,7.6535063
4600383-0,17.753025,11.463303
4601180-0,0.7568774,11.221753
4601943-0,11.283468,11.990709
4602299-0,20.173832,12.278382
4603093-0,15.843284,11.523169
4603807-0,-2.7351549,12.497032
4606483-0,-2.2744007,9.920278
4607638-0,10.890188,13.233632
4722457-0,16.979734,15.753395
4722469-0,20.77108,10.535745
4724064-0,9.6711645,10.369717
4724394-0,20.346401,11.941398
4724784-0,20.672392,10.612104
4725162-0,20.209675,11.606447
4725891-0,18.887318,9.102304
4735887-0,11.290285,7.8297462
4737062-0,11.705714,18.724766
4737807-0,19.054115,12.558903
4740167-0,19.151653,6.7794485
4740922-0,9.756105,9.857778
4742406-0,19.322504,12.083739
4744410-0,18.723515,7.0637174
4746679-0,16.740534,11.723794
4747845-0,11.145955,12.995535
4749404-0,18.516155,11.09856
4749708-0,18.415062,8.3062935
4749725-0,19.953243,11.782952
4752085-0,20.749561,10.80405
4752395-0,11.683813,10.193637
4752780-0,17.474964,8.441602
4866453-0,12.333408,11.702656
4870330-0,18.46563,9.499883
4871109-0,10.772771,7.9975295
4874135-0,11.190735,14.466973
4875722-0,13.073115,12.865207
4876436-0,17.999424,8.870351
4881812-0,-1.7266049,10.877261
4884155-0,-1.5039846,12.942184
4884880-0,19.51601,8.635888
4885679-0,16.380106,11.358015
4888401-0,16.581768,12.321411
4888407-0,19.572916,8.681073
4888748-0,13.2189865,17.314562
4888756-0,17.944094,12.321735
4889917-0,12.385268,16.965355
4892619-0,13.841674,10.545185
4894091-0,18.286997,11.760099
4894537-0,11.365674,9.250091
4895666-0,11.62353,10.597235
4896387-0,16.0449,11.421409
4897586-0,11.085103,7.342204
4901847-0,13.184135,17.121054
4902577-0,17.058046,15.088887
4902603-0,17.997223,10.908549
4902604-0,16.641102,15.525103
5017349-0,18.097876,11.010455
5018578-0,20.537243,7.7307324
5019293-0,10.750513,17.423151
5020107-0,16.48711,11.987581
5020858-0,20.479755,8.452809
5021276-0,19.133474,10.543946
5023546-0,20.389688,12.271567
5025479-0,18.399086,9.573942
5025810-0,17.726938,9.033414
5029291-0,11.189757,13.569074
5035052-0,18.000721,9.724099
5045003-0,19.57001,11.710464
5046150-0,14.822258,11.402594
5047771-0,19.4319,11.027667
5049989-0,-0.17591807,10.443261
5162116-0,-2.4771357,11.923404
5162167-0,18.849405,7.6999664
5162533-0,13.608256,11.904214
5164802-0,20.303078,12.178684
5169119-0,12.446763,9.61467
5169448-0,-3.0758734,12.844255
5170227-0,12.416324,9.735973
5173673-0,17.206364,10.808706
5177893-0,20.137197,9.921334
5179402-0,12.424418,14.182796
5180176-0,11.2209,8.680353
5185928-0,19.333323,6.920771
5185935-0,19.586119,10.008519
5186319-0,-1.5239019,12.714771
5186380-0,13.151203,11.516991
5186384-0,12.736268,14.988264
5187878-0,12.3125725,10.562365
5189011-0,9.969264,10.353271
5190216-0,-1.7923403,10.615746
5192493-0,-2.1741998,10.943503
5193257-0,19.834948,9.202088
5193275-0,16.683567,14.040432
5194035-0,11.100525,8.430126
5308873-0,12.455202,12.657145
5308882-0,19.650503,10.070044
5312711-0,10.574567,17.146225
5317274-0,21.53568,10.793349
5317336-0,20.364084,10.088232
5319256-0,11.820406,10.929382
5321915-0,13.270062,10.503243
5322259-0,12.931097,16.860115
5323010-0,9.403966,10.4156065
5324622-0,10.810248,15.254803
5326118-0,10.181204,15.466595
5327325-0,17.576502,10.240653
5328035-0,11.451072,14.606805
5328094-0,15.858067,14.528579
5329553-0,10.565152,12.024837
5329566-0,11.16773,16.671064
5331519-0,10.132133,15.571392
5333057-0,21.72658,10.799797
5337238-0,12.908921,16.548662
5341477-0,0.15875201,12.074514
5343068-0,21.475014,8.38238
5344901-0,17.056698,14.166256
5457821-0,17.282286,12.61452
5458986-0,12.543612,16.536234
5466251-0,17.255426,14.550034
5467853-0,18.81644,10.845967
5469010-0,12.535246,15.694899
5472042-0,-1.1947186,12.22958
5472802-0,0.03597573,12.320155
5476629-0,12.119924,11.15263
5476636-0,19.32824,9.278026
5477468-0,18.116848,8.337017
5482397-0,18.14384,6.620344
5486635-0,18.612982,10.388669
5603359-0,0.19770497,12.104859
5603406-0,13.163062,10.4394045
5604917-0,18.278578,12.06797
5605713-0,12.828421,10.407143
5606454-0,20.895823,8.443993
5610287-0,10.670821,12.838353
5613702-0,17.680758,9.608051
5614116-0,18.853062,8.107324
5614917-0,12.372676,14.67826
5617548-0,21.575716,10.777514
5617585-0,12.104132,9.6341505
5620609-0,17.097637,14.38217
5621402-0,9.843523,11.409435
5621782-0,11.574307,13.675512
5622599-0,9.803739,9.063425
5625666-0,17.20209,15.765575
5626010-0,-1.6116114,12.510512
5629470-0,10.226692,12.69326
5630638-0,16.204407,11.388081
5631415-0,16.89166,12.363228
5631452-0,10.6822605,12.262555
5633345-0,10.780639,9.034998
5633351-0,0.4924009,12.067576
5634065-0,12.547597,14.378615
5637600-0,13.9557495,10.466478
5637910-0,13.318078,9.8928585
5639902-0,19.344894,11.276003
5753499-0,20.059803,9.648894
5754658-0,8.7790365,11.931597
5755470-0,-1.5209095,10.997011
5756935-0,13.230275,12.276787
5757343-0,11.424569,10.215193
5757398-0,18.970743,6.41141
5758158-0,20.306662,10.151751
5758525-0,12.070279,14.582102
5759661-0,12.700848,10.727035
5762306-0,13.837425,11.318513
5762383-0,12.035462,14.380051
5764244-0,20.27983,11.113843
5765830-0,17.458164,7.398876
5766216-0,21.224056,10.261924
5766619-0,9.875264,11.743777
5770453-0,-2.7292998,12.867953
5773071-0,21.009205,9.886697
5773876-0,12.55846,10.935772
5774680-0,11.048879,13.485362
5776168-0,19.58133,7.206235
5776183-0,9.665206,9.857521
5778895-0,18.94694,6.972349
5780755-0,12.06016,18.606508
5781195-0,19.816277,11.500495
5781531-0,18.06324,7.0722795
5782725-0,19.496933,11.400024
5785000-0,18.878212,8.218425
5785408-0,19.38305,10.648758
5786138-0,11.978388,8.760503
5786516-0,18.898056,7.703494
5786945-0,12.75226,18.201601
5786976-0,19.566357,10.328283
5898326-0,19.037554,7.369824
5899424-0,-0.49176902,10.814703
5904011-0,16.911596,11.443507
5906387-0,21.339005,8.562504
5906398-0,11.1053705,17.982285
5908691-0,11.750741,14.951219
5909467-0,11.889573,12.020858
5910969-0,18.507156,12.052529
5912080-0,11.228175,17.851873
5914003-0,13.497669,9.76246
5914758-0,11.932156,16.221893
5915530-0,19.452152,7.702879
5915580-0,19.769558,10.971183
5915591-0,10.323698,10.9925995
5915909-0,10.527605,15.427831
5918283-0,18.340576,8.375419
5918299-0,19.30156,9.649949
5919805-0,12.536879,12.450099
5920521-0,20.358694,11.64172
5921364-0,12.94534,12.93442
5921752-0,17.369678,7.7520404
5922099-0,12.852408,10.814313
5922469-0,10.4848795,9.517287
5922835-0,10.979758,12.875741
5922862-0,19.863173,11.453908
5924754-0,-1.2660928,11.388995
5928650-0,20.149689,8.196548
5928969-0,-2.3339624,11.389703
5929776-0,-2.45401,12.215055
5929797-0,9.826761,13.165004
5932081-0,-1.469418,10.725154
5933992-0,9.607341,9.964559
6046858-0,19.563911,7.78027
6047643-0,13.322011,10.137291
6049227-0,17.364595,14.540163
6049246-0,-1.8899553,12.847427
6050692-0,11.866233,18.483751
6051140-0,17.953272,9.372548
6051536-0,10.232629,12.970497
6051874-0,13.294654,11.090815
6052699-0,19.956738,9.1366205
6053015-0,10.98302,9.582942
6054159-0,18.14837,10.763803
6056536-0,15.9485445,10.074305
6056880-0,10.227554,10.378502
6058416-0,18.426731,11.302113
6059143-0,10.2635355,9.901057
6059916-0,18.193914,9.794393
6059963-0,19.536564,12.190575
6062236-0,19.076845,8.486226
6062599-0,13.268856,12.109196
6064186-0,12.669853,15.077001
6065309-0,19.218332,8.604198
6066115-0,19.017778,11.004166
6066828-0,9.749879,12.221419
6070710-0,19.801939,11.928181
6074951-0,19.34472,8.707012
6075660-0,12.705469,15.607529
6075663-0,13.197589,10.776348
6076880-0,21.547876,10.778588
6078722-0,11.767221,18.76524
6079950-0,-3.313177,12.809232
6080305-0,16.838896,12.519281
6081470-0,18.542484,8.876645
6082187-0,12.88887,17.03245
6193193-0,11.024717,15.770093
6193933-0,20.399944,11.18314
6196262-0,12.157576,16.915869
6197080-0,12.765806,14.699091
6198145-0,19.07507,9.425522
6200452-0,19.519968,11.746822
6201297-0,18.011757,13.610127
6202454-0,13.155006,11.999517
6205473-0,18.082136,10.503439
6205505-0,18.32013,12.411021
6206282-0,11.053776,9.064276
6206677-0,10.01425,8.120439
6207811-0,-1.0116795,12.585403
6207835-0,10.898555,10.333986
6209707-0,12.73238,16.21392
6212439-0,13.9978895,10.842884
6213159-0,16.118702,11.411675
6213977-0,11.787484,9.453691
6215136-0,19.262054,10.352488
6216967-0,16.04377,14.736744
6217384-0,11.3691,15.006977
6218890-0,12.453777,8.575184
6218912-0,11.861123,18.546757
6220047-0,12.025668,11.345195
6220449-0,21.069895,9.321959
6221980-0,11.666064,13.578826
6223918-0,-2.4935513,10.529466
6225422-0,11.335515,16.628353
6225865-0,10.809144,9.210296
6227010-0,11.938769,9.075966
6228558-0,9.554183,10.262139
6347140-0,10.667833,10.411936
6348357-0,10.92611,9.43893
6350258-0,18.900507,10.933129
6352160-0,17.34315,15.598981
6352568-0,16.785114,10.908625
6354136-0,21.15673,10.402198
6358667-0,18.773474,8.445286
6359120-0,12.549905,18.372265
6360226-0,13.29456,17.104166
6363294-0,18.569555,12.108168
6364506-0,11.888593,14.544175
6364854-0,9.272684,8.351471
6365278-0,20.612598,10.093427
6365630-0,-1.4552957,10.641647
6366776-0,20.491632,8.905264
6372142-0,13.571282,11.387576
6372149-0,17.870117,10.618415
6372869-0,13.821494,10.080319
6373271-0,19.06015,10.279691
6491969-0,18.29911,10.779863
6493888-0,12.837832,10.89125
6495047-0,18.788925,9.798064
6495386-0,-0.91369337,10.567211
6495824-0,16.146238,14.329909
6496153-0,-2.5370877,13.145627
6496202-0,13.923319,10.071206
6502289-0,20.913757,11.752193
6504962-0,10.166182,8.640199
6505359-0,17.710415,7.761672
6506583-0,14.006435,11.832436
6506589-0,17.712494,7.5852847
6508511-0,-2.5825758,9.929526
6509231-0,-2.005851,12.798731
6511489-0,14.307856,12.106917
6511895-0,17.709726,15.522505
6511907-0,-2.6638854,10.109918
6513808-0,20.387999,8.568161
6513855-0,11.259757,16.816168
6514598-0,9.187556,10.015386
6516951-0,10.213584,12.419631
6518785-0,-0.82484573,10.867105
6519235-0,10.966405,14.569667
6519644-0,20.38083,11.772947
6520714-0,11.357439,7.5416656
6521502-0,17.330769,8.1503935
6524576-0,12.798215,16.732277
6635610-0,9.916845,8.8764925
6637076-0,11.597374,12.269212
6637915-0,10.353379,11.9443655
6641713-0,15.793464,14.354398
6641727-0,0.38418868,11.814953
6642498-0,11.219891,9.251928
6644023-0,18.769684,9.845992
6644789-0,9.801829,12.241155
6645924-0,12.181619,15.965609
6647041-0,12.499264,14.840221
6647491-0,18.025692,11.162069
6649048-0,17.833843,10.667175
6652437-0,19.347313,12.018551
6652889-0,15.978446,14.234269
6654394-0,18.642061,9.007979
6656340-0,19.862734,11.290543
6660531-0,-2.0361512,10.402905
6660960-0,19.674225,10.147487
6662794-0,13.317823,9.810685
6663565-0,10.787697,14.227854
6663602-0,11.174987,7.6601458
6664754-0,17.05546,8.077211
6665519-0,12.271593,14.9073515
6667410-0,-2.9318943,12.289024
6667852-0,11.069492,10.250805
6669001-0,10.496893,14.109149
6669402-0,12.625154,10.617223
6670109-0,10.2636595,10.543176
6670925-0,20.838554,10.452939
6671317-0,12.738943,11.210582
6784971-0,-2.1787727,10.111975
6795680-0,19.392351,10.078642
6796083-0,-1.1493869,12.7985325
6798405-0,21.264795,11.00641
6801434-0,18.051298,10.811515
6803717-0,12.5490885,9.336612
6804569-0,9.505631,11.57175
6809542-0,19.462881,12.227284
6809907-0,11.750971,9.781009
6810314-0,9.840288,10.459967
6812553-0,13.19634,10.908877
6813378-0,9.149797,8.658782
6815248-0,16.525848,15.529964
6818708-0,12.412496,17.562057
6818713-0,21.096266,9.697071
6819471-0,20.324532,7.9601316
6931645-0,11.57081,18.374294
6932800-0,12.691063,14.196314
6939272-0,16.626307,11.446022
6943516-0,9.982207,9.391995
6946620-0,18.66082,9.723561
6948549-0,10.713356,12.796452
6949716-0,19.350466,6.7989926
6952396-0,11.969407,8.354003
6953111-0,18.718298,8.977133
6953520-0,11.625521,12.201931
6954291-0,20.009354,12.0736265
6955052-0,19.39604,7.0777564
6955469-0,19.024525,8.828074
6958942-0,19.723303,9.675834
6960012-0,18.15858,7.189859
6963476-0,12.366546,12.251279
6963923-0,16.788837,14.146291
6964271-0,11.419397,17.116732
7079065-0,11.915084,8.53412
7079118-0,10.35331,10.242724
7080204-0,13.232575,12.061481
7080662-0,16.8988,10.167055
7081004-0,20.377453,9.994463
7082917-0,12.983785,11.123666
7084498-0,14.136475,11.909094
7084820-0,9.372876,10.207459
7085205-0,10.506053,10.542701
7085622-0,12.768028,16.528746
7086805-0,17.531694,11.328021
7087558-0,21.287453,10.43148
7087938-0,12.91205,9.187079
7088298-0,19.337908,9.813003
7090238-0,13.62356,9.99874
7097908-0,-2.7709765,13.2086935
7100168-0,17.904087,9.528572
7101702-0,10.19866,12.039717
7102896-0,9.777056,10.097634
7104411-0,12.27347,10.836072
7105627-0,11.531706,14.438402
7106336-0,18.715258,11.746524
7106364-0,18.991282,9.118492
7109031-0,-2.2074041,11.097797
7110578-0,10.917475,12.173687
7112833-0,11.705083,10.87188
7114019-0,19.945934,9.252953
7114373-0,12.1243105,13.460648
7226539-0,12.278848,13.289748
7228085-0,11.009288,8.55411
7229276-0,17.017462,14.525519
7229621-0,10.764105,9.287253
7230731-0,19.616234,11.648202
7231507-0,20.73002,11.441942
7232660-0,21.361267,8.551568
7234998-0,-1.973329,12.903907
7235758-0,20.866798,9.7353525
7236161-0,-2.0064888,11.004859
7236504-0,10.510518,14.762444
7239982-0,17.311306,7.9893146
7240784-0,11.77516,10.029984
7245011-0,19.241915,10.152447
7246152-0,19.9466,9.748865
7246888-0,11.303377,14.303554
7247278-0,15.650795,11.530744
7247307-0,20.185442,10.182274
7248469-0,12.684397,11.076278
7249569-0,9.518025,12.638601
7249591-0,19.68889,8.238135
7250345-0,13.967676,10.78546
7250734-0,-1.9522364,10.155757
7251144-0,12.962917,17.180056
7251915-0,20.198092,6.7746506
7252703-0,21.0087,10.74247
7253052-0,13.173554,10.31771
7253062-0,20.168297,10.5974655
7254995-0,10.648055,15.012308
7255752-0,13.720617,10.051761
7256917-0,12.344182,12.008832
7257612-0,19.908424,10.34495
7258075-0,15.759585,14.639272
7258458-0,11.452179,11.032969
7259532-0,20.794188,10.902793
7260363-0,18.564507,6.5188384
7261511-0,10.9813385,12.934468
7374428-0,9.214953,11.508146
7375543-0,11.54592,10.472332
7376262-0,11.356604,17.917826
7379371-0,10.748059,12.318959
7380570-0,11.252654,9.557683
7381316-0,17.97585,7.987589
7382477-0,0.32190982,12.141329
7384721-0,20.801142,8.301623
7385920-0,19.377245,10.023736
7389352-0,13.942609,10.368454
7390095-0,20.604181,11.381819
7395475-0,10.069567,7.8908925
7398195-0,18.77363,8.247262
7400471-0,15.597839,11.26997
7400858-0,19.77204,9.597071
7401268-0,-3.2905447,12.523569
7401693-0,19.673971,9.532083
7402447-0,20.09715,10.263578
7402799-0,12.994593,17.203527
7403544-0,19.282732,10.217274
7403991-0,20.84796,7.983051
7405457-0,12.964715,17.764103
7406663-0,12.285736,17.05642
7409376-0,12.926017,16.415161
7521823-0,13.671122,10.507246
7523393-0,16.729282,11.050752
7524573-0,-2.972863,12.580283
7525312-0,19.413492,11.359083
7528789-0,21.24013,11.226278
7530282-0,-2.00976,12.0452795
7532946-0,11.0553465,17.362352
7533338-0,8.932922,11.484235
7533734-0,13.787141,11.33042
7535257-0,10.951493,8.124457
7537554-0,16.994864,10.784113
7539075-0,19.650547,11.598226
7539552-0,14.030845,11.030754
7539886-0,9.516804,10.252619
7540626-0,12.945786,12.121289
7541776-0,12.633124,10.617454
7542161-0,11.043911,0.083593465
7544841-0,17.752047,13.471129
7547597-0,20.377192,11.244563
7547935-0,17.749924,8.741273
7548714-0,9.882774,8.924367
7549878-0,18.662844,7.696117
7550597-0,19.726746,7.37785
7551760-0,12.384035,15.845303
7554520-0,11.481959,11.569436
7556023-0,12.271941,16.05757
7673926-0,17.816887,7.6196327
7675078-0,11.89919,18.621147
7676987-0,12.014088,11.029899
7678491-0,17.2271,15.50791
7679264-0,12.769476,15.994126
7681153-0,9.848235,10.349962
7682312-0,16.966043,11.219851
7682338-0,19.593601,8.81409
7682781-0,17.548536,11.287946
7683848-0,19.834238,11.831856
7686609-0,16.549185,14.238769
7686987-0,15.654923,10.913546
7687307-0,12.103786,15.887705
7689659-0,20.30399,6.9904222
7691555-0,11.0885105,8.661598
7691999-0,17.447435,8.735862
7692299-0,20.051233,7.6149364
7692359-0,16.259262,15.123283
7695828-0,17.134748,15.640565
7696536-0,11.661335,9.336842
7698522-0,18.533552,7.6249647
7700743-0,10.309023,15.46479
7701577-0,0.29065266,12.264978
7701584-0,12.333169,10.901304
7815582-0,-0.06429325,12.299866
7816362-0,12.938628,17.566965
7816723-0,11.930049,8.434639
7827468-0,16.619938,8.639351
7827537-0,11.138896,8.350088
7828267-0,20.50591,8.491401
7829032-0,12.346496,14.712835
7830230-0,17.858309,9.327224
7831741-0,18.25,10.530978
7832890-0,19.55451,8.158532
7833608-0,-1.3978469,12.924646
7834012-0,16.348585,14.310591
7835531-0,17.637545,9.16981
7835967-0,19.298416,8.604948
7836313-0,20.359589,9.542446
7837486-0,17.338512,8.006281
7840590-0,15.08947,12.712324
7845166-0,10.936092,7.8124676
7845592-0,-1.7441394,11.675464
7847510-0,18.21608,8.764307
7848267-0,12.027549,10.424648
7851346-0,-2.8582861,12.348519
7963856-0,12.847922,14.262147
7968809-0,10.956414,12.306185
7971098-0,17.04074,14.289632
7971141-0,-3.417153,12.821561
7971893-0,18.997362,7.3631115
7971921-0,12.594673,17.232393
7972665-0,12.917657,17.149786
7973087-0,18.576263,9.297705
7975713-0,20.724743,8.575722
7977297-0,14.002754,11.25468
7977632-0,20.153048,6.7183027
7978846-0,13.020674,14.289657
7980711-0,12.253328,10.1349125
7981904-0,9.367223,12.268137
7984912-0,-2.5403256,12.153372
7985719-0,19.865234,12.439903
7988439-0,9.843773,9.262451
7989891-0,10.379429,15.649271
7989962-0,10.383785,8.234591
7990722-0,18.264652,6.969553
7992210-0,20.059357,11.592526
7992617-0,11.4401655,10.474478
7993390-0,10.037919,15.319395
7993411-0,11.356458,10.702459
7994943-0,19.866142,11.136142
7997249-0,-2.6442196,9.994681
7998813-0,17.532028,9.399879
8111667-0,11.825829,7.508638
8112060-0,11.661056,10.024185
8113945-0,17.459347,15.454869
8117391-0,17.68968,8.124466
8117812-0,11.385776,10.10267
8121679-0,19.248705,12.234269
8122379-0,8.947634,12.150017
8122782-0,19.408627,8.137688
8122796-0,12.424465,10.123502
8122811-0,18.915413,9.724389
8125065-0,10.710282,9.978278
8127042-0,-2.4432082,13.078264
8128600-0,15.924449,11.264967
8129353-0,14.132404,10.970419
8131669-0,17.52893,10.054767
8134677-0,21.07379,11.825505
8134727-0,19.41872,10.776928
8135866-0,17.525312,15.071615
8136649-0,20.457512,8.559406
8137028-0,10.016923,11.91316
8138530-0,16.738129,15.513083
8140043-0,12.611597,14.564812
8140127-0,11.194679,14.319905
8143547-0,19.061531,8.668822
8143873-0,16.461407,11.899992
8145035-0,13.94885,11.51162
8258322-0,12.186186,15.02934
8258368-0,17.549725,8.303274
8266016-0,18.289455,8.158569
8267191-0,20.532625,11.127466
8267563-0,10.502738,15.739518
8268318-0,20.083624,8.006409
8268702-0,11.149511,12.211979
8269059-0,16.243425,12.881182
8269520-0,20.438745,8.900203
8270607-0,9.082963,11.752581
8271376-0,21.216509,11.564916
8272956-0,19.605944,8.4590645
8274476-0,17.604029,8.613901
8275248-0,10.928098,8.1001005
8277130-0,11.945329,17.434406
8277214-0,10.625626,13.08267
8277594-0,10.057805,13.110934
8278701-0,10.193582,12.956902
8280239-0,18.262548,11.49682
8281393-0,10.755504,14.834808
8284858-0,11.260325,7.662646
8286801-0,11.034199,15.03911
8288680-0,13.957023,10.56407
8289464-0,11.151558,12.918478
8289471-0,19.014841,7.6558585
8290637-0,11.516658,14.490386
8291358-0,-2.807646,10.923947
8292175-0,13.018366,16.40853
8292914-0,-3.0315206,12.826783
8293301-0,9.612275,8.099786
8405768-0,12.090161,13.021686
8406563-0,9.592234,12.681352
8409656-0,17.854536,7.0597496
8412294-0,1.0778807,11.1111765
8415071-0,10.885219,13.479625
8416199-0,12.676889,16.26245
8416561-0,10.180093,11.849209
8418123-0,18.02042,7.9023566
8418437-0,11.384639,7.8392286
8419649-0,16.120617,15.329839
8420042-0,19.97944,12.328906
8421949-0,11.558788,12.3104315
8422676-0,10.427476,12.810083
8423854-0,20.322033,10.343104
8426152-0,10.750451,11.899043
8427344-0,12.608047,12.179733
8428855-0,17.016222,8.6102495
8430031-0,20.53168,11.22235
8434978-0,19.332415,12.255473
8435002-0,-2.7462773,13.077744
8435388-0,9.644748,11.414208
8436517-0,17.534906,15.870728
8437297-0,10.044588,12.482106
8438107-0,21.003695,10.6604185
8438111-0,16.998262,9.252884
8440400-0,17.859173,10.793258
8554037-0,13.858465,10.444753
8554413-0,9.389931,9.994759
8557472-0,13.38018,10.235757
8558258-0,18.086561,7.3221526
8559785-0,12.936395,16.678326
8563979-0,17.75646,11.305217
8564062-0,20.566708,11.521159
8564769-0,18.579649,6.5758333
8565943-0,9.978464,13.71441
8568657-0,0.45530015,12.002624
8570586-0,10.718571,8.025388
8570941-0,12.628984,12.170445
8573219-0,13.124184,17.201797
8573607-0,13.40985,10.147704
8574367-0,16.58054,12.2979145
8574411-0,18.053848,11.47714
8575122-0,12.805607,11.171287
8575873-0,13.790773,11.163817
8577416-0,12.529574,11.933712
8577449-0,19.171726,7.961825
8580913-0,20.910717,9.157973
8582100-0,11.183006,12.133546
8582438-0,-2.6926572,10.645333
8583194-0,20.612364,7.7677164
8584376-0,11.549974,15.092417
8585899-0,12.349755,13.5310135
8702215-0,19.399445,11.251534
8702250-0,12.633804,10.197141
8704206-0,11.326374,12.062805
8705307-0,19.685926,12.468712
8707242-0,11.404086,7.6211267
8707294-0,11.038057,9.97393
8708425-0,13.180491,11.63469
8709561-0,10.642796,9.041898
8709965-0,11.951019,16.238354
8712670-0,-3.3145938,12.761708
8713434-0,11.82532,7.680162
8713790-0,12.027632,18.123493
8714936-0,9.568575,9.571951
8718746-0,12.9635315,9.962427
8719120-0,11.558234,17.093304
8719945-0,10.897209,14.729997
8720294-0,11.289727,11.498354
8721081-0,19.34614,12.090108
8722962-0,11.094157,-0.11126347
8723369-0,10.5623255,10.582912
8724112-0,11.437677,13.579306
8724543-0,15.688216,10.392459
8726026-0,19.436811,10.178405
8728343-0,11.176853,17.420485
8729555-0,11.999245,12.188493
8729946-0,20.55999,9.994377
8730304-0,12.318639,15.378344
8732946-0,19.192728,7.338479
8732983-0,-3.0522792,12.6673155
8734483-0,20.481842,9.026431
8847416-0,16.325386,14.738145
8847755-0,12.905244,14.406461
8853209-0,11.937287,16.091204
8855825-0,19.634853,9.141174
8855838-0,18.507753,12.0511465
8857812-0,19.889633,10.145245
8859268-0,20.505867,10.0543
8860448-0,12.551953,13.644571
8860490-0,20.439041,7.9243593
8861240-0,-2.4241889,12.3954115
8861604-0,-1.5257456,10.880837
8871598-0,16.524364,14.972961
8872001-0,10.077847,12.5472555
8876986-0,12.4101515,11.35346
8877009-0,11.982094,15.72018
8881563-0,20.259058,8.313395
8881973-0,17.573895,8.138785
8882754-0,19.283325,7.355863
8883537-0,11.148078,8.751261
8995626-0,16.31089,14.963864
8996395-0,11.343528,8.0871105
8996762-0,19.897766,8.828665
8997527-0,17.108187,14.293601
8998729-0,17.248701,15.296721
9002143-0,11.777263,7.967793
9003656-0,-1.470243,12.321569
9004038-0,-2.0962422,13.04914
9006420-0,18.826145,10.546654
9007958-0,-1.3251768,12.740421
9010252-0,11.15062,9.45015
9011370-0,11.2818985,14.620311
9011375-0,11.769828,15.390199
9012540-0,16.226175,13.657162
9014027-0,11.726277,10.4300785
9014098-0,11.195336,14.171571
9014105-0,11.275815,8.306912
9020223-0,10.26406,9.796312
9020633-0,11.598051,14.561339
9021329-0,10.13399,15.569195
9022468-0,18.262878,10.020376
9026726-0,10.388265,8.858593
9027117-0,18.042297,12.881539
9027143-0,9.742864,8.188455
9028297-0,18.909077,7.8476214
9031347-0,12.417167,9.040113
9142718-0,9.783391,8.427251
9143063-0,11.596987,11.305006
9144670-0,8.617781,11.707321
9146167-0,21.252687,9.6469555
9147326-0,12.754834,16.520027
9150780-0,1.1890354,11.340255
9151132-0,9.6082945,9.037006
9152679-0,9.741693,12.718116
9154218-0,18.976856,11.735394
9156116-0,11.322766,15.554696
9156561-0,9.119609,10.186638
9156922-0,10.939983,15.106925
9158020-0,11.033575,9.900941
9161857-0,20.471909,7.970573
9162271-0,10.699169,14.757523
9162645-0,19.575611,8.891347
9162679-0,16.799599,15.567481
9166081-0,19.292347,11.052806
9166887-0,11.732629,7.4690847
9167267-0,10.988778,10.184116
9167645-0,15.789766,14.498732
9171870-0,19.911474,8.442398
9174202-0,19.366322,11.189741
9178052-0,-2.3988702,13.139369
9178441-0,-2.0886674,12.325474
9178817-0,17.929682,11.21662
9291715-0,11.983782,10.208537
9295955-0,10.427425,8.433844
9296646-0,17.817461,8.122047
9298630-0,11.462206,7.9622245
9298955-0,10.629295,14.492741
9300525-0,21.103912,8.759319
9300947-0,16.716654,15.383374
9309006-0,18.97759,8.379223
9315871-0,16.451208,10.80488
9316672-0,9.959331,10.0849695
9318621-0,12.461894,17.587141
9320137-0,13.154356,12.087055
9321619-0,9.486174,8.714039
9322820-0,12.573273,17.512947
9324352-0,19.400925,10.750422
9437234-0,-2.6981578,10.840631
9440660-0,17.178278,15.80418
9442228-0,19.64227,7.140777
9442986-0,-0.37474534,10.664781
9444924-0,14.003956,11.616857
9446091-0,18.231508,6.7834864
9447942-0,20.751879,8.744678
9448759-0,10.071835,8.400655
9449473-0,10.746544,10.821829
9449529-0,10.312786,8.870643
9450336-0,12.544003,10.858891
9452551-0,13.63575,11.476788
9454505-0,20.417011,8.749165
9456788-0,-1.9957111,12.097177
9456807-0,12.865851,12.040332
9457178-0,12.556347,14.62073
9457580-0,10.799007,11.031785
9458012-0,11.288132,16.510967
9464154-0,17.012877,13.622711
9465223-0,10.168499,8.961958
9465628-0,0.56918913,11.998965
9466369-0,17.24716,8.437106
9469520-0,11.042314,14.521851
9471753-0,12.8310375,14.006514
9473344-0,12.887994,16.834255
9473746-0,11.944861,18.190382
9585484-0,19.53543,8.610837
9591178-0,12.948022,13.552002
9591197-0,10.803937,8.915738
9591580-0,17.765211,11.200258
9591977-0,18.692669,7.212465
9593169-0,12.140511,9.160853
9593545-0,11.375091,11.867
9593893-0,20.27883,12.13677
9595421-0,18.815382,9.973122
9596976-0,11.411456,15.838386
9597386-0,12.018471,10.82968
9598493-0,16.316881,14.473443
9598909-0,9.445356,10.056874
9600418-0,14.520164,11.903281
9603107-0,19.996231,7.820281
9604701-0,13.559499,11.99622
9604993-0,19.961794,9.38815
9605396-0,20.806372,9.725543
9605406-0,10.923836,14.531721
9605843-0,10.134289,9.093216
9606969-0,11.996758,14.536094
9607336-0,8.916293,11.538491
9608857-0,17.533808,14.203292
9615020-0,17.801,7.9752755
9615416-0,21.013178,11.099433
9615806-0,11.532723,16.944994
9616991-0,18.931025,8.848573
9617357-0,13.539686,10.026237
9618455-0,12.569071,16.94633
9619652-0,20.289433,9.682714
9732557-0,18.45441,11.904351
9732944-0,0.68236434,11.114521
9733314-0,20.66264,9.9440975
9733672-0,12.576252,16.012474
9734061-0,17.434582,7.634295
9736766-0,10.141161,15.635684
9737519-0,19.04191,6.8365545
9738650-0,12.421032,16.876986
9741382-0,17.709475,6.864183
9741767-0,12.728529,17.154556
9744057-0,18.550932,7.3345757
9745174-0,19.728785,9.897551
9746015-0,18.288214,8.738721
9746390-0,10.900974,16.978203
9747152-0,12.849477,14.341216
9747886-0,19.40372,9.592137
9748290-0,17.124796,11.982584
9749005-0,18.04584,9.927725
9750229-0,10.95821,15.916336
9750590-0,12.791221,12.324891
9750943-0,19.014545,11.863097
9751321-0,21.143858,11.643136
9752457-0,9.231157,10.382783
9752512-0,18.244808,9.91107
9755923-0,10.95793,14.671353
9756694-0,19.965704,10.143004
9758258-0,12.6976,17.104286
9759065-0,10.907057,12.689689
9759756-0,12.3149185,11.867993
9760943-0,9.98626,11.660868
9762443-0,9.525296,11.025201
9767871-0,10.91447,0.08063918
9879963-0,19.763523,11.539932
9880005-0,-3.2048972,11.856093
9881521-0,10.930085,17.747917
9881558-0,13.31373,11.474232
9884581-0,20.197771,7.0198894
9887326-0,16.736977,15.239846
9888438-0,20.237259,8.455354
9890750-0,10.45002,14.856446
9894606-0,16.687616,10.968827
9895004-0,17.457474,11.782214
9895297-0,19.80102,7.284593
9896470-0,18.653137,7.067714
9897273-0,10.253155,15.380131
9898449-0,13.600836,11.062463
9898841-0,17.129375,10.254365
9899553-0,15.860385,14.541224
9900693-0,20.513802,10.649365
9901107-0,17.765812,10.817796
9902299-0,11.504191,7.9745502
9904965-0,12.916015,17.296423
9906527-0,12.174831,8.797539
9906818-0,17.524895,14.435597
9906899-0,-1.9071232,12.865644
9909137-0,19.968464,7.7045703
9909598-0,10.48315,15.080866
9910733-0,15.309162,10.693538
9913041-0,11.333444,10.848483
10027009-0,10.57719,8.23166
10027075-0,11.429036,9.789255
10028595-0,-2.8347034,12.245102
10029337-0,11.137411,8.7428465
10033544-0,9.436984,10.366934
10044736-0,13.813347,10.535261
10045061-0,20.503897,11.12406
10046287-0,12.171114,18.74493
10048583-0,-1.5340861,12.334363
10049312-0,1.1434091,11.270673
10050109-0,12.069773,7.892489
10050524-0,20.524418,7.8200293
10051266-0,9.161896,11.889407
10051626-0,13.723238,9.907099
10052388-0,16.530558,14.1763525
10053899-0,19.499496,11.526183
10060077-0,21.207605,11.498787
10060094-0,11.261132,11.147754
10060422-0,17.897507,9.017431
10176054-0,-1.5119131,12.84152
10177170-0,12.5315075,10.7796135
10178754-0,12.286443,16.452852
10183758-0,12.249759,10.58434
10184117-0,10.834616,14.606715
10187218-0,18.312086,12.808376
10187981-0,17.555487,9.239436
10190983-0,18.749174,11.21636
10191819-0,17.283178,11.962349
10194895-0,10.626466,10.135484
10197560-0,11.633647,9.195053
10199470-0,11.356307,12.872149
10200994-0,17.22018,13.474516
10201787-0,18.364157,10.729119
10201812-0,9.719881,11.4208975
10203682-0,21.210958,10.696956
10205189-0,12.984746,10.586955
10205641-0,12.707545,14.747201
10206749-0,9.69966,10.478365
10207139-0,18.368513,9.614024
10207919-0,20.0358,10.917885
10208642-0,17.687698,10.408799
10210188-0,18.23502,11.073729
10210655-0,-2.3000557,10.168926
10321943-0,11.756731,18.810112
10323139-0,17.9667,7.783761
10323901-0,12.576366,17.659582
10325075-0,10.8725605,0.12879367
10326978-0,18.579584,6.7923903
10326997-0,12.444753,17.231606
10327747-0,-2.1607883,10.911555
10328495-0,20.915297,8.528067
10329228-0,20.165707,10.752449
10331226-0,11.551,12.063309
10333895-0,16.411413,14.471985
10335800-0,11.641907,18.16605
10337372-0,10.360826,10.344352
10341896-0,16.093414,14.772882
10342355-0,21.127924,11.393913
10343879-0,12.518864,13.173015
10344655-0,10.52427,12.568433
10345752-0,12.55389,16.329927
10346918-0,18.411694,10.314639
10348068-0,17.842411,7.2191114
10351911-0,-2.6003485,10.425347
10354646-0,-1.9123747,10.875773
10355803-0,12.726003,14.851232
10356166-0,11.443804,13.4021635
10470215-0,19.635574,9.362227
10472468-0,16.529202,14.524371
10472491-0,19.748688,7.563818
10474779-0,18.091217,12.626464
10475209-0,10.408835,7.646989
10475597-0,20.490696,12.240738
10475606-0,11.331947,9.724183
10475906-0,11.324681,16.276161
10475971-0,14.332967,11.169123
10478210-0,11.101731,16.58454
10478638-0,17.636715,12.888003
10487469-0,20.390945,11.071221
10488991-0,14.112889,11.15816
10489419-0,19.240715,7.6255875
10490513-0,17.736898,8.241102
10491351-0,12.426533,11.120848
10492885-0,10.93564,14.729586
10494431-0,10.891032,15.598925
10495139-0,-1.8821429,10.540511
10495490-0,20.735838,12.101984
10498604-0,12.143008,13.215702
10499333-0,17.080029,11.271218
10502785-0,8.7185135,11.822381
10503940-0,9.456674,10.753012
10504382-0,17.587101,15.824901
10504708-0,11.139791,8.033191
10617238-0,19.613722,9.627555
10617635-0,19.269728,10.034493
10620736-0,13.125099,16.718355
10624150-0,9.627316,12.149846
10626901-0,11.871991,14.357798
10628060-0,16.135069,9.873111
10629208-0,18.82819,8.457951
10631122-0,16.973354,10.327039
10635689-0,10.639469,12.063484
10636039-0,-2.8267322,12.547831
10636884-0,9.839188,8.745698
10637626-0,16.05482,15.161128
10638360-0,-2.0893896,10.199048
10639114-0,10.553852,12.970669
10640274-0,19.76303,11.269408
10643788-0,9.556713,8.564919
10644489-0,17.058403,9.088739
10645723-0,18.788496,9.389596
10647974-0,9.563388,10.495506
10648774-0,16.421803,14.54227
10649534-0,11.46942,12.519522
10650275-0,15.654323,12.85943
10651010-0,19.271275,7.577186
10652189-0,11.057725,10.353353
10765827-0,20.85285,9.416471
10766273-0,9.32305,10.773607
10767049-0,19.15193,8.556293
10771973-0,17.4235,13.950185
10772037-0,20.688684,8.977646
10772740-0,18.148542,8.172597
10773582-0,9.797391,10.752425
10773962-0,11.742208,13.6680355
10774336-0,10.369829,9.654557
10774346-0,16.735067,10.930527
10775454-0,18.358139,9.210015
10775491-0,10.290127,15.751743
10776265-0,11.880191,17.238337
10776612-0,13.458899,12.195673
10776633-0,17.497372,11.290586
10778202-0,11.531817,9.641516
10779349-0,0.9201268,12.086796
10783574-0,0.13573085,12.318774
10784274-0,10.854726,10.546908
10784682-0,11.926481,12.364687
10784724-0,14.385019,11.23475
10786200-0,10.577944,8.265339
10792786-0,8.956362,8.813063
10793910-0,17.782959,8.401994
10794330-0,15.161781,10.492843
10795471-0,10.767851,7.5910234
10796949-0,13.444269,10.246955
10798158-0,17.61535,11.055867
10800392-0,17.630962,10.750588
10800808-0,20.382097,10.113416
10913696-0,18.664465,11.285056
10916762-0,9.728603,12.087277
10919900-0,10.708421,14.880913
10920994-0,19.78546,10.871881
10921821-0,18.785538,10.799938
10922568-0,17.660767,15.758127
10922967-0,10.100425,15.597225
10924061-0,20.696743,10.145183
10925578-0,10.042517,9.186594
10929117-0,13.340555,11.207211
10929808-0,10.873084,14.788733
10929815-0,11.052441,10.285405
10930201-0,19.927185,10.506737
10932154-0,11.3968525,8.602859
10934878-0,19.823933,11.814595
10939418-0,10.177791,9.59295
10940638-0,12.148427,11.894084
10941351-0,20.341509,10.12642
10942137-0,11.530942,10.902408
10942559-0,11.003795,12.476615
10944390-0,13.816678,11.1351185
10945547-0,12.625371,15.907534
10946011-0,20.437424,10.811186
10946747-0,19.541277,12.07967
10946775-0,20.702488,11.186296
11059996-0,-2.5252182,10.666884
11060036-0,11.761296,16.28241
11060046-0,18.260145,11.294887
11060051-0,19.158585,10.709459
11064601-0,16.678295,12.033119
11067321-0,10.601835,9.932315
11068081-0,20.655346,10.666207
11068814-0,11.940546,18.437283
11069587-0,19.13524,10.549575
11069623-0,16.741947,13.969636
11074637-0,10.97669,17.826492
11075037-0,19.817225,8.241007
11076899-0,-1.0435036,11.293314
11077310-0,21.150866,11.653356
11078430-0,17.151096,15.959678
11082258-0,10.977634,0.18957525
11089239-0,16.68796,14.429732
11089599-0,17.628946,9.1632395
11090351-0,-1.8381798,12.526974
11093054-0,13.727714,10.922415
11207899-0,-1.0647151,12.4209385
11212430-0,18.22322,7.779395
11214389-0,10.836461,9.794501
11214399-0,9.502689,8.351687
11218205-0,20.62669,10.17216
11218591-0,18.712753,10.301655
11221290-0,19.414083,9.744534
11223258-0,18.921206,9.324126
11225514-0,11.991976,9.064701
11227789-0,10.196402,12.0683975
11227799-0,19.131815,6.573399
11229773-0,19.923807,8.461634
11232856-0,11.7356205,12.357841
11234380-0,10.412676,10.233635
11235142-0,18.264624,10.144048
11235154-0,18.93266,8.989838
11237061-0,20.171043,8.762804
11238573-0,17.447285,13.256117
11239376-0,14.665043,11.499902
11240908-0,19.830769,9.8797655
11241616-0,10.3771105,8.619508
11242775-0,9.463201,9.185981
11354177-0,12.271424,13.555218
11354943-0,11.676553,14.678981
11355683-0,12.765444,13.927739
11357253-0,11.1805105,12.543549
11358015-0,17.688906,12.048763
11359942-0,18.454485,10.309444
11360309-0,17.105053,15.342622
11361409-0,19.19998,12.580089
11362638-0,13.54287,10.64016
11369148-0,19.675016,10.355132
11369869-0,16.875881,13.875011
11371092-0,9.173842,8.768661
11373322-0,17.161324,15.719043
11374877-0,11.241978,14.56475
11375702-0,19.076612,7.5760026
11379484-0,-0.48944202,10.66608
11380258-0,13.057593,9.970282
11381445-0,10.296464,12.740773
11381849-0,9.619627,12.558995
11383369-0,11.192754,11.049044
11384508-0,17.174389,7.668334
11384909-0,16.05005,14.743274
11385259-0,17.457281,7.810635
11385685-0,19.842245,11.734589
11390646-0,11.989749,17.04379
11505089-0,11.346015,8.4221
11508155-0,19.930326,9.757895
11510796-0,20.919144,9.523409
11511262-0,-1.938907,11.570708
11511986-0,19.227549,8.051751
11517761-0,11.4981,9.50697
11520053-0,0.37509522,11.819942
11521539-0,20.91856,10.669757
11521958-0,-2.8212502,10.041576
11522379-0,20.231533,9.8675785
11522723-0,12.657536,11.991671
11522739-0,11.632809,9.615609
11527357-0,13.477638,10.117965
11529290-0,19.244762,9.294048
11530828-0,18.911066,11.290411
11532331-0,9.71347,12.802919
11532368-0,12.192912,14.10004
11533060-0,18.622107,8.467312
11533481-0,9.716263,8.7723055
11534629-0,19.789677,10.94802
11534651-0,-0.8664916,10.9042635
11536135-0,-2.4182234,12.073758
11536559-0,11.0358095,8.82876
11649084-0,10.347102,12.510417
11649795-0,-0.23016196,10.40143
11649811-0,11.186427,9.775396
11650178-0,-3.0778055,13.041641
11657869-0,18.13046,7.112883
11657881-0,21.021957,11.066759
11658241-0,12.198839,9.019267
11658258-0,-1.2616822,11.075554
11659803-0,19.517126,9.723352
11662092-0,18.789694,7.943286
11662117-0,9.957931,9.618101
11662157-0,19.21464,9.768363
11662856-0,11.372281,10.309601
11663310-0,13.019484,10.960532
11663691-0,12.184496,16.114155
11664451-0,10.655598,17.047565
11665613-0,12.102877,10.995055
11665974-0,20.004232,10.140048
11667167-0,-2.9860709,12.373527
11667851-0,17.408243,11.296311
11668257-0,12.618965,14.598547
11668672-0,19.102777,9.251041
11668690-0,21.216707,8.492858
11669422-0,10.458682,13.059817
11669435-0,17.882616,8.727097
11671002-0,18.14852,8.259097
11671339-0,17.089643,12.770328
11672115-0,11.184605,15.31753
11672843-0,11.093218,17.930866
11673303-0,17.838234,7.5214267
11673649-0,13.756275,10.880137
11674022-0,-2.3426812,9.859358
11674394-0,19.318413,10.605941
11676327-0,16.206804,13.03575
11677102-0,12.669589,17.336544
11677875-0,11.414469,12.963189
11678636-0,9.659346,8.633064
11679810-0,10.973488,10.414421
11680923-0,20.204947,12.125246
11681757-0,15.129738,10.345953
11682509-0,11.778734,14.297745
11683203-0,19.431208,8.851469
11684421-0,12.010122,12.055792
11685538-0,18.513248,10.40037
11798418-0,-2.3015518,10.364456
11800331-0,11.33453,9.127233
11800379-0,11.485422,16.661907
11801143-0,13.736522,10.738969
11801541-0,10.664134,10.421432
11804202-0,15.509875,10.735747
11805344-0,12.002098,12.793362
11806157-0,11.4353895,16.241886
11809929-0,19.57158,10.09686
11810397-0,10.348008,12.883205
11814181-0,-1.4668907,12.070917
11814926-0,1.3003125,11.281819
11817247-0,13.858238,10.357423
11817601-0,16.649485,8.375961
11818052-0,17.926645,8.894871
11819181-0,12.739357,12.018445
11820302-0,10.150003,13.103918
11820305-0,17.812754,11.250478
11821864-0,9.786134,8.554805
11821908-0,-0.96864605,10.621321
11824208-0,18.287937,10.034598
11824514-0,10.736399,15.067734
11825699-0,11.863001,15.591231
11825752-0,12.438594,11.10467
11827595-0,11.856578,14.268795
11829129-0,10.228825,14.239081
11829209-0,13.099678,10.023545
11830713-0,12.692183,17.633814
11832204-0,13.119389,13.806843
11944389-0,10.673158,14.957129
11945921-0,10.336144,12.212798
11946297-0,17.119862,7.937602
11947793-0,11.989103,11.198721
11948588-0,19.26794,9.083442
11948948-0,11.6416235,12.01798
11950517-0,11.293992,9.414437
11950868-0,-1.6451547,13.129799
11951287-0,10.622621,15.731106
11953581-0,10.442287,14.9824295
11954336-0,21.089931,8.847994
11955856-0,15.970562,14.605829
11957422-0,20.048088,7.5793424
11958207-0,10.446493,12.707553
11959690-0,16.306894,11.930343
11962374-0,11.044256,9.541461
11962827-0,12.014159,10.655447
11965147-0,9.906354,8.716861
11967032-0,18.52551,10.690719
11967447-0,16.322084,14.470906
11968212-0,-2.5378728,12.463153
11969731-0,-2.249446,13.122599
11970885-0,16.088095,15.333356
11972041-0,19.841019,11.639862
11972790-0,-2.2688801,12.868315
11973184-0,17.215841,14.007777
11974679-0,10.415705,14.368081
11975825-0,19.11771,10.740001
11976261-0,-3.262077,12.675772
11977037-0,18.629114,8.416977
12093341-0,9.981457,15.510837
12096821-0,-1.8285822,10.185139
12097967-0,11.840914,18.551119
12099905-0,11.688205,9.788726
12100628-0,12.950866,14.088258
12103384-0,19.737541,8.5429325
12103743-0,10.911412,10.848456
12104879-0,10.727849,15.469023
12106804-0,12.154836,18.655739
12111440-0,10.616363,8.758981
12112576-0,20.481056,9.739496
12112924-0,19.908382,10.083705
12113362-0,-1.8881036,10.767656
12119432-0,17.330341,15.3272505
12120600-0,12.076714,9.416106
12120604-0,18.730843,10.462658
12120667-0,-0.056425817,10.363011
12124075-0,11.651624,11.657177
12124100-0,20.46676,10.251398
12124803-0,12.920019,13.918961
12125223-0,12.438613,14.423719
12125638-0,13.120022,17.215282
12125993-0,11.502651,12.97627
12239647-0,12.173031,10.813087
12240076-0,18.712955,7.834519
12240790-0,12.324795,12.079501
12242727-0,18.812756,11.56736
12242767-0,9.831609,8.349623
12243904-0,-1.5673752,12.994418
12246548-0,-2.8048716,12.416798
12246580-0,19.650295,11.721071
12247381-0,12.216783,17.884779
12248475-0,21.046736,10.507691
12249607-0,18.124987,8.06284
12250015-0,19.358177,7.907679
12251930-0,18.2377,8.402908
12253086-0,10.33052,15.383671
12253108-0,16.314447,15.416465
12254293-0,16.571318,12.629681
12255807-0,16.48705,14.757533
12256129-0,-2.7963362,10.142249
12258131-0,20.032913,10.582497
12260017-0,9.542776,9.60988
12264215-0,0.344197,12.214909
12266939-0,19.65519,6.9142165
12270002-0,11.952761,12.112184
12270397-0,9.341219,10.213417
12271112-0,11.712464,7.9308047
12273445-0,11.468501,18.060398
12273498-0,15.837543,14.180458
12386328-0,-2.297047,12.925821
12386355-0,13.982127,10.272042
12390988-0,17.712059,7.1819844
12391762-0,10.784065,17.241358
12393660-0,15.552385,11.735381
12395215-0,17.68091,14.7941065
12396310-0,19.064758,6.812155
12396350-0,12.131286,12.008274
12398257-0,12.227964,15.230542
12400172-0,14.185155,11.861774
12401337-0,13.295665,16.62464
12402472-0,12.893088,16.531427
12403256-0,11.899778,10.700093
12405984-0,8.835823,11.76454
12409732-0,20.089724,11.294451
12410508-0,12.703465,11.203709
12413584-0,-1.5026754,10.9937105
12414025-0,11.807414,16.059515
12414035-0,19.780682,10.666018
12415561-0,12.154885,10.3486185
12416300-0,10.967251,8.010989
12418999-0,9.486425,8.371092
12419379-0,-2.990214,10.5226
12419713-0,16.816397,11.737753
12420119-0,21.593605,10.571736
12422051-0,10.198398,11.824099
12534195-0,17.87786,7.2811155
12534938-0,10.890447,15.164611
12535311-0,18.805292,12.462732
12535380-0,0.32838178,12.042113
12537623-0,20.97277,8.686993
12538379-0,18.625244,10.732223
12539161-0,18.639551,9.785073
12544580-0,12.872215,17.52169
12545288-0,19.603636,8.413785
12545747-0,9.952906,9.392178
12546856-0,11.969789,12.049924
12549524-0,18.11572,12.254863
12550366-0,9.380355,9.435497
12551045-0,19.40818,7.4023685
12555322-0,18.76848,6.5094724
12557955-0,11.628263,9.132108
12560287-0,17.982803,8.306185
12562591-0,10.933976,7.278374
12564915-0,11.826327,8.575346
12564927-0,20.487045,11.131569
12564948-0,17.42067,15.366364
12565269-0,19.683296,10.012687
12566102-0,-1.2899874,12.572032
12566859-0,11.182505,8.444489
12567209-0,17.34032,10.392917
12568778-0,17.65647,9.009998
12569181-0,9.196689,10.100573
12569524-0,13.146432,10.532061
12569864-0,12.450461,12.897162
12682388-0,20.83913,11.81519
12683564-0,9.5843935,8.582536
12683956-0,11.788452,11.736436
12684337-0,20.634537,8.246221
12688562-0,12.392917,17.342932
12688592-0,17.73775,10.815638
12689751-0,-2.5840616,12.288131
12691629-0,18.215958,12.267143
12696611-0,11.004774,0.050755385
12697354-0,18.594168,10.738336
12698919-0,19.91046,11.15078
12699295-0,11.297152,8.5985
12699726-0,10.788861,8.828818
12700427-0,9.612576,12.823987
12701575-0,20.248,8.56871
12703581-0,12.714549,12.121963
12704703-0,15.847511,11.320072
12704708-0,20.453648,11.837367
12706251-0,11.29026,17.454195
12706599-0,19.38447,10.200055
12708137-0,19.835695,8.45392
12710056-0,18.082243,6.9413457
12711234-0,9.699627,9.225768
12711618-0,11.828634,10.731771
12714718-0,19.472754,9.388893
12715484-0,20.756754,11.20709
12715868-0,20.981548,8.204445
12716175-0,10.802093,12.513564
12830301-0,18.270693,7.930186
12835267-0,11.550672,12.092582
12838282-0,-1.8036337,12.894173
12839041-0,-1.6275508,10.791142
12842131-0,9.796846,9.492605
12842579-0,12.317082,16.618517
12844504-0,11.38154,10.376068
12845989-0,18.365568,7.871986
12847563-0,0.30786136,12.223539
12849494-0,19.124828,7.184553
12852883-0,18.152023,10.711694
12852934-0,10.608465,15.1381855
12853281-0,8.886388,11.930947
12854087-0,10.681458,7.424445
12855995-0,13.73203,11.991255
12857183-0,20.435976,8.522314
12857498-0,12.737869,14.214305
12859423-0,12.756658,14.020715
12864030-0,11.014828,0.04539104
12864430-0,-1.4210514,12.614531
12976210-0,-2.0832202,13.113958
12976528-0,12.53313,16.472792
12976545-0,12.639998,14.343258
12976599-0,19.541332,11.324815
12978489-0,11.0414715,7.7971673
12983080-0,17.582088,7.474511
12983880-0,18.690409,6.6681213
12984651-0,11.010449,17.862415
12985790-0,18.11103,9.727642
12991524-0,17.110233,9.131881
12991951-0,14.194951,11.273151
12992671-0,13.676524,10.792678
12994627-0,11.662983,16.629082
12998415-0,10.418804,7.662196
12999264-0,17.755922,10.95848
12999610-0,11.129332,14.89117
13001880-0,-3.024435,12.544602
13003839-0,11.68132,15.898633
13005738-0,21.348993,10.838279
13005765-0,18.518864,9.289008
13006129-0,11.537688,7.5597076
13006939-0,17.57968,13.938015
13007659-0,11.194177,15.749818
13007666-0,20.361761,10.6630125
13007677-0,-1.353443,10.896186
13008078-0,12.748665,16.31894
13008388-0,17.884996,11.437004
13009543-0,12.640614,10.893706
13009622-0,-1.3714356,12.8029995
13011152-0,16.869713,15.716515
13124036-0,17.232536,10.447642
13125521-0,17.18547,13.311409
13126282-0,11.599472,7.42106
13127866-0,10.249587,10.004926
13128199-0,16.57704,14.046735
13131330-0,13.605092,10.771386
13132067-0,18.281979,11.4773
13132483-0,13.241189,12.105959
13133214-0,-1.2409852,10.880578
13134344-0,12.801552,13.343398
13134724-0,16.969473,11.195101
13134735-0,17.130424,14.846408
13134779-0,11.660731,12.014637
13135110-0,-0.84495676,10.800528
13137870-0,11.672528,15.974942
13139797-0,10.870494,-0.031860515
13143621-0,20.521309,8.675868
13145905-0,20.379059,11.380567
13148967-0,17.012222,14.623094
13152454-0,10.462287,10.050628
13153195-0,-2.1835697,10.088369
13153954-0,18.783533,8.065904
13154365-0,9.923087,11.484447
13155134-0,15.542042,10.959582
13155933-0,12.60044,12.121422
13156244-0,19.099508,10.825691
13156246-0,11.144619,-0.16327426
13157379-0,16.010323,14.28957
13157771-0,11.607795,18.368952
13158936-0,17.801779,15.660337
13272652-0,-0.15837143,11.003502
13274160-0,17.0827,11.804634
13277260-0,10.886937,11.691102
13277586-0,15.833632,11.290236
13282202-0,11.219886,11.887591
13283416-0,13.085487,11.873719
13285711-0,17.141287,12.55707
13286102-0,18.07555,10.917542
13287171-0,13.047345,17.403091
13288719-0,18.795435,10.96534
13288776-0,20.71537,10.07194
13289486-0,10.606416,15.789408
13289523-0,20.342497,6.6991515
13290312-0,10.465723,7.7662086
13290674-0,10.478736,13.509731
13290676-0,19.679193,8.195052
13292255-0,11.588523,17.871197
13292583-0,12.992228,16.812098
13292979-0,12.2303505,10.319326
13294492-0,20.262379,10.002006
13294535-0,19.814547,10.681691
13294542-0,19.181246,8.2858715
13296083-0,11.037387,11.152775
13298755-0,11.873569,8.98785
13299145-0,20.086895,9.622892
13300997-0,12.329002,8.941542
13306833-0,12.037833,17.325901
13307611-0,13.668181,11.29578
13418970-0,17.583515,11.352835
13418976-0,11.433881,16.954903
13419704-0,19.885477,10.61687
13420460-0,12.8399935,12.116982
13421251-0,18.481863,9.137934
13421655-0,12.825204,17.358065
13423491-0,12.9144,17.582932
13424679-0,17.559153,15.996519
13425823-0,12.554374,17.148487
13428520-0,10.593416,13.125536
13430091-0,20.382046,8.867001
13434272-0,17.927423,6.9638367
13436619-0,10.066286,8.201959
13438507-0,11.258123,13.139144
13438870-0,18.073126,7.903715
13441219-0,16.789986,12.601524
13441997-0,11.757258,18.546156
13444304-0,20.634583,9.242898
13448876-0,16.900753,15.502047
13449227-0,21.034178,10.314827
13450783-0,21.055939,8.947678
13451229-0,20.233114,9.090058
13452734-0,10.374317,10.026297
13453469-0,19.834934,10.436408
13453892-0,-2.4656663,10.341308
13567579-0,19.592396,11.090817
13570233-0,9.7011175,10.518231
13571764-0,-2.9968042,12.661824
13571794-0,8.980365,8.819105
13572895-0,10.85691,15.139574
13572948-0,9.416245,8.989232
13573677-0,16.620663,11.56235
13578265-0,11.812564,15.264367
13579102-0,11.967216,9.887124
13579790-0,-1.3421658,12.857842
13580994-0,11.7937155,9.158838
13582155-0,18.834204,8.891396
13584478-0,20.83255,9.32405
13585161-0,-2.2171354,10.70005
13586692-0,21.0713,8.719071
13586705-0,14.176817,11.945804
13587894-0,12.593903,18.157639
13591348-0,11.19626,14.241513
13593253-0,18.560555,9.866328
13593273-0,20.146376,10.639442
13593612-0,16.42,14.81255
13595186-0,12.746718,17.346527
13595542-0,18.654394,9.913619
13595983-0,11.389133,11.771626
13597116-0,13.619874,10.358735
13599364-0,-1.8975009,10.807862
13599365-0,19.553797,8.462852
13600594-0,18.577736,8.1106615
13602072-0,11.103677,8.717284
13602439-0,16.442257,14.636969
13602447-0,10.302361,9.474527
13714570-0,15.446463,11.293242
13714643-0,11.773862,8.739603
13714955-0,11.945959,17.32216
13718052-0,19.01649,7.6647167
13718089-0,17.132774,14.372348
13719965-0,9.410455,9.949958
13721909-0,11.09483,15.3603735
13723417-0,18.228273,11.190054
13723424-0,-2.0060077,13.12745
13724630-0,10.01666,7.9798574
13727684-0,19.301071,8.2985115
13731142-0,11.164809,10.338081
13731467-0,12.927592,9.822506
13731911-0,11.894888,7.6286926
13732307-0,16.349379,15.038373
13733775-0,11.602453,18.182898
13734552-0,16.202595,15.220061
13734948-0,13.350927,16.70787
13735380-0,0.11864367,12.274921
13737658-0,19.71459,10.72784
13738834-0,11.959408,10.563202
13743781-0,19.202585,7.248042
13746125-0,20.269758,11.034835
13860924-0,11.532606,12.617452
13862473-0,-1.2686439,11.265676
13862794-0,10.325621,10.582152
13864030-0,18.237621,9.113926
13864745-0,17.091684,11.284012
13866686-0,20.408943,7.796476
13872393-0,9.56463,12.535266
13872459-0,19.220184,10.249444
13877016-0,11.514543,11.008758
13877833-0,11.242048,14.9372225
13879313-0,17.663729,9.131896
13880512-0,17.338287,8.997052
13885101-0,18.41069,7.5665994
13885875-0,11.514243,16.951427
13886246-0,18.184423,12.476246
13886273-0,19.07658,11.457794
13890111-0,19.367256,10.437212
13890494-0,16.927202,12.261507
13891672-0,18.55474,10.732544
13892412-0,20.444723,9.5040455
13893170-0,11.047838,7.4375963
13893209-0,19.84676,10.325829
13896209-0,12.652421,13.000433
14012579-0,10.479495,10.209703
14012593-0,11.916354,9.606289
14013320-0,11.714248,18.13792
14013408-0,18.339378,10.878567
14014132-0,11.012801,8.635211
14014151-0,15.649852,11.033854
14015712-0,18.11603,12.57966
14016860-0,-3.192628,12.451704
14019100-0,17.871294,11.505718
14021455-0,16.229609,14.390441
14023767-0,18.85388,10.94413
14024072-0,18.799591,6.4796906
14024890-0,11.9579115,13.081451
14024900-0,16.013647,11.409054
14024913-0,16.99297,14.731172
14025307-0,10.153938,15.531355
14025645-0,20.928776,8.806069
14028689-0,21.379623,8.647839
14029505-0,11.38095,13.6887
14029893-0,19.416779,7.2594028
14033683-0,11.630521,9.798485
14035266-0,-1.2496616,12.756945
14035983-0,12.035436,9.977125
14036783-0,9.747595,10.936184
14037568-0,20.906239,10.552116
14037920-0,12.255343,10.559733
14040984-0,17.673403,8.024915
14041348-0,17.943398,8.712775
14043653-0,10.141261,15.228863
14044109-0,10.415658,15.005159
14044116-0,1.1692331,11.185896
14044474-0,-1.468013,10.670366
